total (education),geoid,noSchool,elementary,middleSchool,highSchool,associates,bachelors,masters,professional,doctorate
2772,25009201100,0,19,64,923,180,889,364,173,160
1543,25009202101,16,3,29,332,192,483,358,97,33
4796,25009202102,12,51,50,1976,466,1265,676,171,129
4370,25009202200,19,0,98,1162,167,1417,944,313,250
4912,25009203100,14,18,35,898,308,2089,1011,374,165
3223,25009203200,0,10,24,765,149,1218,738,238,81
2988,25009203301,7,0,71,887,175,969,680,122,77
3592,25009203302,0,0,30,745,88,1527,865,217,120
2969,25009204101,20,77,54,1359,234,873,239,40,73
3229,25009204102,19,60,82,1405,235,831,439,122,36
3511,25009204200,43,129,164,1251,163,988,618,16,139
2921,25009204300,88,334,235,1032,223,605,296,44,64
2806,25009204400,58,35,65,1140,103,805,472,71,57
2600,25009204500,6,0,97,889,155,732,557,117,47
3838,25009204600,2,133,203,1797,235,798,425,184,61
4127,25009204701,81,75,225,1852,200,1059,459,39,137
4530,25009204702,42,149,199,2152,296,1134,537,1,20
3534,25009205100,63,292,157,1909,286,447,320,60,0
3650,25009205200,30,382,350,1711,370,509,187,47,64
2725,25009205300,1,90,129,1422,200,608,255,11,9
3472,25009205400,47,22,107,1712,415,724,331,27,87
3242,25009205500,115,526,353,1585,248,287,108,7,13
2185,25009205600,73,102,177,1140,261,310,95,27,0
3456,25009205700,76,200,217,1818,273,745,110,17,0
2056,25009205800,119,227,142,1162,178,168,60,0,0
2737,25009205900,18,317,232,1490,144,464,72,0,0
2092,25009206000,302,329,138,970,136,156,45,16,0
2588,25009206100,140,562,247,1247,110,202,73,7,0
3479,25009206200,220,703,507,1450,249,291,59,0,0
2864,25009206300,160,271,390,1330,218,400,41,34,20
3671,25009206400,138,149,425,1881,331,527,177,10,33
2090,25009206500,137,459,91,1010,103,161,110,19,0
3434,25009206600,178,208,347,1683,356,364,205,67,26
2772,25009206700,70,144,188,1467,248,423,168,36,28
2659,25009206800,170,582,378,1145,127,187,56,14,0
3216,25009206900,81,197,274,1649,300,523,147,14,31
1421,25009207000,127,354,130,567,119,75,13,36,0
2290,25009207100,394,361,181,923,264,167,0,0,0
1554,25009207200,98,67,88,1006,81,156,38,14,6
3519,25009208101,10,46,277,2040,251,695,138,55,7
2418,25009208102,27,127,92,1386,179,433,133,8,33
4165,25009208200,97,22,164,2379,362,810,270,42,19
5972,25009208300,79,150,181,3375,439,1090,417,139,102
5026,25009208400,129,134,185,2403,493,1023,505,70,84
4423,25009209100,64,0,94,1539,440,1295,758,156,77
4267,25009209200,64,7,57,1307,333,1341,830,178,150
4936,25009210100,98,88,71,1940,479,1590,555,101,14
4033,25009210200,23,21,140,2035,516,820,403,69,6
7462,25009210300,19,263,305,3156,570,1795,1132,113,109
5247,25009210400,58,97,280,2478,635,991,468,161,79
4842,25009210500,155,48,141,2168,532,1230,483,18,67
3193,25009210600,152,160,111,1502,256,744,177,34,57
2985,25009210700,71,254,312,1557,167,521,93,10,0
3464,25009210800,77,207,297,1931,275,431,184,35,27
3234,25009210900,109,228,111,1671,222,621,189,12,71
3071,25009211100,18,45,162,1316,389,775,312,34,20
4739,25009211200,18,33,201,1994,549,1289,444,105,106
4675,25009211300,0,50,202,1744,409,1288,841,70,71
3200,25009211401,33,69,218,1322,435,658,326,98,41
4563,25009211402,25,43,166,1546,506,1204,800,137,136
7066,25009212100,12,171,426,3101,581,1909,581,180,105
5615,25009213100,0,0,104,1184,501,2032,1208,363,223
4656,25009214100,13,51,66,1288,241,1310,1296,197,194
3296,25009215101,0,9,33,554,274,1236,939,142,109
2052,25009215102,0,18,36,628,90,712,282,183,103
2703,25009216100,1,24,11,678,161,1132,541,105,50
5475,25009217100,3,28,172,1847,714,1684,723,188,116
2986,25009217201,62,33,26,911,358,1040,380,104,72
2569,25009217202,0,42,127,790,263,803,493,36,15
3286,25009217300,48,31,193,1394,289,793,394,61,83
4420,25009217400,58,71,104,2160,390,1029,523,27,58
4431,25009217500,15,22,69,1446,253,1214,943,223,246
5516,25009217600,51,127,109,1598,363,2041,956,119,152
3842,25009218100,0,0,64,871,188,1369,977,169,204
3426,25009220101,0,8,35,963,279,1264,644,164,69
2426,25009220102,10,10,94,918,207,741,350,33,63
3313,25009221100,38,64,65,1166,351,933,536,99,61
3924,25009221300,13,27,117,1365,330,1226,499,220,127
2452,25009221400,63,126,168,1012,256,512,225,0,90
2500,25009221500,47,96,190,1339,230,378,180,31,9
1840,25009221600,10,90,37,985,211,348,149,5,5
2037,25009221700,15,95,99,890,251,343,256,22,66
1546,25009221800,8,66,35,627,102,473,188,25,22
2745,25009221901,30,9,59,1084,346,664,352,112,89
2818,25009221902,4,35,142,1381,249,651,232,100,24
2673,25009222100,22,0,30,879,184,872,477,114,95
3216,25009223100,37,7,26,1176,254,914,573,186,43
2831,25009223200,14,24,123,1007,247,832,448,81,55
4026,25009223300,0,0,15,1212,481,1285,698,249,86
1968,25009250100,171,359,196,837,83,214,73,35,0
3586,25009250200,116,436,452,2003,107,423,40,0,9
1214,25009250300,92,167,243,570,57,48,0,26,11
2549,25009250400,118,638,531,1170,59,13,0,20,0
2236,25009250500,69,492,400,1127,26,60,21,22,19
3130,25009250600,122,397,395,1797,139,174,94,12,0
3131,25009250700,141,640,553,1552,35,152,58,0,0
5134,25009250800,79,564,744,3102,296,313,36,0,0
1256,25009250900,62,319,151,552,80,59,15,14,4
1169,25009251000,20,191,289,551,39,65,6,0,8
2101,25009251100,80,495,161,1039,75,189,62,0,0
873,25009251200,47,263,89,411,19,37,7,0,0
2051,25009251300,114,642,402,712,47,88,31,15,0
3214,25009251400,192,412,357,1737,136,278,93,9,0
3354,25009251500,74,167,525,1943,252,261,103,19,10
3892,25009251600,69,656,477,2099,99,387,44,44,17
3641,25009251700,113,413,370,1864,241,474,128,14,24
5151,25009251800,237,432,435,2476,562,434,380,164,31
2597,25009252101,48,123,211,1407,239,392,117,53,7
2936,25009252102,20,35,64,974,545,678,517,55,48
2364,25009252201,67,16,207,1204,181,409,237,18,25
2392,25009252202,41,35,47,1236,189,549,257,19,19
5347,25009252300,118,591,341,3132,387,489,248,27,14
2744,25009252400,144,276,250,1403,259,300,111,1,0
2779,25009252501,67,149,198,1594,150,339,259,11,12
3348,25009252502,16,95,181,1665,372,667,252,67,33
4959,25009252601,77,172,175,2307,569,1054,579,4,22
3195,25009252602,69,9,84,1452,437,723,312,70,39
2089,25009252603,46,55,51,967,223,465,268,2,12
3826,25009253100,18,36,83,1731,336,1100,476,36,10
2172,25009253201,64,11,24,733,215,635,328,108,54
4283,25009253202,33,65,212,1172,452,1534,661,100,54
2982,25009253203,10,19,43,638,165,1158,646,181,122
4182,25009253204,54,42,115,805,292,1434,1141,153,146
2704,25009253205,0,0,0,476,274,1100,696,96,62
4608,25009254100,5,17,22,937,357,1671,1134,284,181
3046,25009254200,4,31,78,576,149,1103,857,125,123
2844,25009254301,12,28,63,497,139,873,757,257,218
3401,25009254302,61,0,33,510,185,1075,1049,277,211
2512,25009254401,14,0,20,503,164,832,607,161,211
5000,25009254402,90,6,73,682,193,1927,1379,274,376
2732,25009254403,39,31,48,470,120,944,715,236,129
3933,25009260100,51,265,260,2169,391,655,83,0,59
2382,25009260200,38,110,338,1175,193,400,98,17,13
3310,25009260301,47,104,157,1635,316,670,351,9,21
2069,25009260302,4,55,39,894,262,533,188,80,14
2877,25009260401,0,32,62,1560,385,558,207,7,66
4624,25009260402,0,129,151,1996,313,1296,674,25,40
2702,25009260500,5,44,77,1480,322,453,259,52,10
2532,25009260600,5,169,196,1444,176,379,103,54,6
3269,25009260700,7,70,280,1883,346,483,157,43,0
3120,25009260800,74,119,362,1758,289,404,88,3,23
3302,25009260900,16,132,145,1733,227,762,153,103,31
2649,25009261000,13,38,253,1284,409,521,115,14,2
3126,25009261101,11,1,59,1165,426,852,508,47,57
3540,25009261102,0,14,63,1906,373,826,311,47,0
4875,25009262100,39,32,207,2082,387,1407,628,78,15
3304,25009263100,11,10,55,860,308,1206,555,231,68
4577,25009264100,19,10,125,1812,380,1377,675,140,39
2695,25009265101,13,2,71,1116,160,815,432,69,17
3497,25009265102,8,0,39,1155,320,1274,562,106,33
3146,25009266100,2,7,93,1037,390,1067,384,67,99
3816,25009266200,16,50,238,1774,423,737,508,14,56
3002,25009266300,30,31,189,1504,184,652,353,34,25
2669,25009266400,5,0,71,1152,241,778,363,31,28
2976,25009267101,0,36,108,1332,210,832,425,7,26
4194,25009267102,52,143,219,2094,412,895,337,24,18
1857,25009268100,12,0,17,549,119,688,388,72,12
4857,25009268200,3,37,55,1619,370,1573,1017,38,145
3200,25009268300,58,42,76,751,189,906,911,155,112
3560,25009268400,2,2,115,770,274,1480,647,117,153
5077,25009269100,0,34,152,1739,458,1802,670,132,90
4499,25009270100,25,0,124,1932,417,1207,694,67,33
0,25009990100,0,0,0,0,0,0,0,0,0
2380,25017300100,11,34,119,1148,277,514,240,21,16
2919,25017301101,10,31,138,1441,325,608,328,30,8
3775,25017301102,7,0,142,1880,422,849,402,31,42
4102,25017310100,65,226,375,1691,168,911,457,62,147
4234,25017310200,94,336,213,2514,398,352,304,23,0
4108,25017310300,170,123,280,2730,204,436,130,0,35
1882,25017310400,97,116,133,1183,120,171,56,0,6
2009,25017310500,36,0,181,1217,123,304,148,0,0
4285,25017310601,132,324,194,2155,467,533,417,42,21
3627,25017310602,146,45,296,2018,272,505,276,69,0
2538,25017310700,90,48,251,1404,166,377,164,38,0
1577,25017311100,112,144,188,717,108,228,65,0,15
1805,25017311200,88,146,198,962,49,283,58,21,0
2804,25017311300,130,201,203,1561,120,316,189,58,26
4289,25017311400,231,146,320,1705,260,857,651,70,49
2011,25017311500,155,67,51,950,159,252,348,12,17
3837,25017311600,418,42,198,1906,202,654,339,57,21
3427,25017311700,452,274,299,1669,225,308,160,40,0
2220,25017311800,312,49,280,1120,133,276,49,0,1
1922,25017311900,92,181,310,1053,99,112,59,0,16
1748,25017312000,146,159,199,998,74,130,38,0,4
2159,25017312100,41,187,200,1329,73,276,40,0,13
3355,25017312200,219,73,90,1971,302,495,92,84,29
4011,25017312300,113,113,140,2085,173,915,450,8,14
1527,25017312400,112,198,144,726,83,171,67,0,26
3200,25017312501,121,83,165,1345,185,618,507,137,39
2950,25017312502,64,77,131,1253,207,563,497,69,89
4549,25017313101,6,20,103,1523,319,1675,811,22,70
4139,25017313102,90,36,78,1808,473,1056,454,17,127
4784,25017314101,141,68,376,2529,416,762,309,117,66
5631,25017314102,42,177,164,3078,532,1168,363,71,36
3359,25017314200,25,40,239,1541,481,483,421,39,90
5910,25017314301,63,67,379,2822,486,1410,510,77,96
2195,25017314302,10,53,66,1002,285,552,193,14,20
4019,25017315100,53,121,184,1571,469,1079,414,73,55
6382,25017315200,21,51,145,2881,594,1591,832,162,105
3102,25017315401,59,9,107,1610,195,743,325,18,36
2305,25017315402,8,0,81,1067,255,532,304,25,33
1276,25017315403,18,0,39,766,90,207,141,8,7
5629,25017315500,43,24,143,2832,580,1343,537,33,94
3713,25017316101,21,58,130,1825,416,981,264,9,9
4703,25017316102,29,28,242,2361,343,1037,504,118,41
3225,25017316201,23,30,87,1809,308,660,248,43,17
3116,25017316202,11,69,256,1381,294,665,366,30,44
6529,25017316300,120,69,237,2763,464,1912,888,33,43
5373,25017316400,7,63,282,2942,348,1186,358,96,91
4524,25017316500,19,54,303,2186,347,951,551,18,95
4991,25017317101,19,63,69,1551,302,1679,950,157,201
3237,25017317102,31,30,41,1129,232,1060,574,65,75
3402,25017317103,10,19,73,934,294,1119,791,31,131
2086,25017317201,0,9,22,432,164,830,492,25,112
2468,25017317202,0,0,15,637,191,1028,430,96,71
2971,25017317203,22,17,85,1092,251,831,527,81,65
1970,25017317301,3,61,53,701,113,556,422,4,57
4234,25017317302,40,43,139,1758,392,866,685,148,163
4572,25017318100,0,16,51,1310,319,1461,1238,28,149
3320,25017318200,10,52,45,961,283,907,880,77,105
5395,25017318300,99,11,21,954,343,2011,1540,183,233
2972,25017318400,14,42,37,623,111,1132,845,76,92
3714,25017320102,32,46,9,902,155,1197,976,205,192
2037,25017320103,0,0,60,287,112,787,544,89,158
6400,25017320104,54,51,140,1200,369,2547,1435,321,283
4902,25017321100,0,136,41,2210,374,1096,815,115,115
4689,25017321200,78,112,202,2441,218,1065,414,75,84
5851,25017321300,96,422,207,2813,455,898,777,125,58
2701,25017321400,7,9,127,946,234,779,419,91,89
4650,25017321500,88,245,214,2035,470,879,536,54,129
5602,25017321600,78,37,186,2238,591,1587,704,128,53
3440,25017322100,9,11,115,1123,269,1258,492,109,54
3164,25017322200,23,114,68,1153,230,874,568,53,81
4507,25017322300,103,92,180,1918,476,973,656,77,32
3451,25017322400,113,146,215,1625,120,768,319,81,64
4750,25017323100,22,0,28,929,274,1779,1253,174,291
4048,25017324101,4,5,92,1356,376,1163,827,92,133
3092,25017324102,16,48,16,1072,159,897,614,49,221
6057,25017325100,0,93,232,2255,529,1548,1025,208,167
3033,25017326101,9,58,98,848,187,1037,578,152,66
4809,25017326102,27,21,21,1345,193,2057,848,199,98
2675,25017327101,2,13,72,893,336,859,377,87,36
3172,25017327102,10,9,104,1716,330,636,289,44,34
2671,25017327103,0,0,151,1104,273,656,352,51,84
2297,25017328100,13,0,46,698,281,784,372,42,61
6051,25017330100,3,47,129,1935,664,1881,1081,129,182
4927,25017330200,20,27,164,1932,461,1371,784,33,135
2357,25017331101,11,0,104,979,190,631,323,39,80
5072,25017331102,21,29,47,2143,413,1401,806,165,47
3802,25017331200,85,0,84,1625,395,865,574,45,129
5155,25017331300,110,53,224,2329,421,1370,549,42,57
4693,25017332100,39,47,100,1783,405,1357,689,86,187
6735,25017332200,85,191,137,1735,361,2401,1432,197,196
5400,25017332300,55,32,48,2006,382,1707,915,115,140
3015,25017332400,0,44,70,823,218,1016,560,71,213
6029,25017333100,110,15,223,2440,336,1860,851,143,51
3915,25017333200,0,34,42,1602,246,1260,589,100,42
2722,25017333300,84,37,109,1280,144,559,406,20,83
4507,25017333400,56,127,142,1799,496,1227,486,42,132
4117,25017333501,75,68,38,1730,324,1175,543,85,79
2354,25017333502,17,66,47,1106,169,611,283,37,18
5611,25017333600,49,14,324,1971,661,1388,1103,20,81
4747,25017334100,22,21,112,1247,166,1654,1055,203,267
2934,25017334200,10,10,39,948,342,680,646,148,111
5174,25017334300,1,42,23,1248,297,1986,1228,172,177
4973,25017334400,10,67,87,1323,326,1652,1061,176,271
4537,25017335100,46,0,125,1509,371,1438,680,107,261
4540,25017335200,27,34,101,1447,462,1442,666,224,137
3418,25017335301,6,187,178,1147,430,778,528,103,61
3743,25017335302,53,36,21,1453,341,1161,566,73,39
3862,25017335400,66,42,176,1283,266,1159,591,103,176
4054,25017336100,50,31,157,936,206,1235,1217,52,170
4144,25017336200,9,0,114,975,185,1447,965,300,149
4551,25017336300,0,69,34,1530,274,1330,863,253,198
4004,25017336401,34,74,49,1013,508,956,924,240,206
3569,25017336402,36,27,150,1094,241,1179,636,107,99
2294,25017337101,0,17,105,759,263,733,330,40,47
4075,25017337102,71,40,73,1834,336,993,591,42,95
2551,25017337201,0,0,45,1021,250,611,454,61,109
4067,25017337202,124,60,115,1762,254,1039,517,101,95
4688,25017337300,14,0,155,1866,322,1598,525,107,101
2016,25017338100,0,15,20,504,99,537,510,170,161
2898,25017338200,26,40,9,864,173,696,738,82,270
2308,25017338300,9,8,32,337,58,692,740,252,180
4215,25017338400,31,0,18,531,96,1479,1195,457,408
3679,25017338500,0,8,0,425,132,1314,1146,439,215
5085,25017339100,56,209,243,1579,390,1188,926,340,154
4531,25017339200,1,90,83,1120,281,1379,1101,151,325
1986,25017339300,7,33,48,771,66,511,429,74,47
2369,25017339400,18,60,44,655,66,844,478,87,117
2789,25017339500,12,12,167,835,194,795,600,64,110
3745,25017339600,29,164,211,1003,169,917,1019,44,189
2655,25017339700,87,55,135,1069,174,579,478,28,50
3882,25017339801,40,45,119,1177,247,1015,704,249,286
3977,25017339802,101,25,182,1413,280,974,595,136,271
3821,25017339900,49,50,128,1412,169,1235,468,132,178
1819,25017340000,17,11,72,643,125,557,258,27,109
4772,25017340100,34,5,313,2179,168,1041,838,63,131
2842,25017341101,76,87,77,924,182,881,415,107,93
3482,25017341102,72,80,154,1024,214,1043,475,169,251
5083,25017341200,169,568,325,2212,310,1020,405,49,25
4030,25017341300,135,57,240,1616,126,909,808,95,44
4545,25017341400,107,296,291,2310,102,1257,154,15,13
3419,25017341500,131,340,141,1650,168,610,293,67,19
4483,25017341600,203,220,118,1533,455,1088,577,134,155
3687,25017341700,33,76,187,1707,202,918,388,60,116
4524,25017341800,132,332,283,2493,249,642,323,15,55
941,25017341901,8,17,0,625,65,116,84,14,12
6433,25017341902,199,255,160,2266,509,1578,1134,194,138
3407,25017342101,80,220,260,2058,209,329,200,37,14
2675,25017342102,173,114,230,1639,118,230,99,45,27
3542,25017342201,136,338,265,2047,214,390,105,37,10
2646,25017342202,156,140,152,1387,265,325,170,22,29
5395,25017342300,190,421,412,2557,320,1075,348,56,16
4766,25017342400,140,243,498,2596,100,725,321,45,98
5809,25017342500,189,511,171,3314,536,694,351,16,27
3319,25017342600,59,204,446,1886,252,304,146,11,11
1745,25017350103,34,15,45,507,74,677,199,108,86
5439,25017350104,77,228,480,2458,231,1236,495,104,130
5279,25017350200,50,179,334,1855,301,1364,953,127,116
2286,25017350300,35,9,21,483,98,786,622,94,138
4277,25017350400,24,45,73,557,169,1620,1301,128,360
1242,25017350500,7,33,3,229,30,448,358,59,75
2007,25017350600,10,9,23,408,68,726,452,158,153
4304,25017350700,55,233,470,1233,83,1183,653,171,223
1723,25017350800,8,25,16,237,40,649,531,86,131
2865,25017350900,0,7,22,381,58,1276,729,162,230
5243,25017351000,12,70,39,577,73,2351,1400,297,424
4385,25017351100,139,148,95,711,98,1546,1084,214,350
3752,25017351203,16,102,121,558,81,1482,941,118,333
3822,25017351204,37,7,123,440,97,1339,1156,219,404
3370,25017351300,43,129,141,1073,41,1033,600,112,198
3445,25017351403,158,421,277,845,90,981,483,75,115
2825,25017351404,257,142,278,815,174,689,337,36,97
1881,25017351500,20,107,160,396,110,598,368,48,74
1946,25017352101,20,0,8,106,38,595,613,215,351
2097,25017352102,0,10,20,259,23,584,583,91,527
1447,25017352200,22,90,40,496,46,388,206,63,96
3790,25017352300,24,78,115,438,106,1202,1026,300,501
1303,25017352400,0,72,72,473,52,310,205,55,64
2204,25017352500,30,4,13,466,31,708,470,212,270
1731,25017352600,0,151,51,346,58,518,412,28,167
1605,25017352700,24,108,87,425,89,413,336,5,118
1788,25017352800,9,27,28,319,70,655,409,102,169
2254,25017352900,3,16,51,219,37,504,684,234,506
2990,25017353000,37,63,134,399,25,908,758,170,496
1756,25017353101,17,0,41,261,55,541,486,187,168
1253,25017353102,0,0,0,148,8,501,496,11,89
3487,25017353200,31,81,113,595,58,959,1095,161,394
3372,25017353300,18,10,43,354,36,971,955,294,691
2395,25017353400,12,70,207,463,82,694,595,95,177
2164,25017353500,0,33,91,427,56,630,489,155,283
2594,25017353600,16,0,11,243,33,790,912,178,411
2839,25017353700,0,29,83,221,59,811,996,156,484
3920,25017353800,50,8,56,321,18,1298,1123,394,652
2301,25017353900,48,38,19,144,11,591,757,203,490
2819,25017354000,0,0,7,110,23,970,782,339,588
2214,25017354100,0,0,19,74,7,686,779,262,387
2327,25017354200,9,0,2,142,23,548,726,361,516
2608,25017354300,40,16,81,490,81,765,770,84,281
1358,25017354400,7,0,6,129,26,373,487,126,204
2119,25017354500,18,0,22,157,51,476,757,255,383
4414,25017354600,0,19,141,886,40,1157,1169,347,655
2049,25017354700,23,0,0,201,51,507,738,232,297
1810,25017354800,0,5,5,268,55,550,507,93,327
5733,25017354900,97,189,193,1474,111,1475,1399,315,480
2553,25017355000,6,28,71,495,68,739,824,118,204
2430,25017356100,17,48,78,457,27,873,641,92,197
4076,25017356300,28,56,70,972,146,1149,1162,215,278
5504,25017356400,49,34,58,1289,221,1581,1480,263,529
5276,25017356500,1,154,127,1303,196,1610,1191,347,347
3298,25017356601,31,17,48,825,193,881,841,226,236
3057,25017356602,0,9,59,633,59,843,933,262,259
4571,25017356701,35,2,65,893,107,1285,1615,138,431
5148,25017356702,50,63,19,896,386,1739,1335,244,416
3034,25017357100,22,34,51,283,154,615,1178,211,486
2206,25017357200,14,17,0,340,69,511,776,221,258
2243,25017357300,13,0,76,301,123,673,609,217,231
1654,25017357400,0,0,11,185,50,493,488,155,272
1544,25017357500,0,6,6,292,56,404,500,150,130
1817,25017357600,33,0,21,338,129,454,486,199,157
2987,25017357700,37,55,87,811,107,732,574,158,426
2569,25017357800,22,0,44,545,111,535,708,385,219
3810,25017358100,0,10,66,528,83,979,1252,367,525
4154,25017358300,0,28,37,400,88,1006,1555,378,662
3486,25017358400,6,18,43,330,85,1120,1135,314,435
3683,25017358500,0,30,40,446,112,983,1332,406,334
4062,25017358600,0,19,28,536,162,1123,1227,378,589
3592,25017358700,13,0,30,310,36,1047,1269,320,567
4614,25017359100,34,29,139,855,226,1535,1383,221,192
5013,25017359300,10,20,79,1009,314,1626,1338,265,352
984,25017360100,0,0,2,326,98,261,285,6,6
3663,25017360200,0,1,38,556,150,998,946,427,547
4135,25017361100,0,9,46,661,282,1096,1553,236,252
5188,25017361200,4,85,294,1311,131,1423,1252,330,358
4264,25017361300,3,50,75,480,73,1311,1677,288,307
3699,25017362100,13,0,36,463,146,1211,1050,369,411
4798,25017363102,41,141,27,960,408,1401,1330,190,300
2443,25017363103,26,21,8,405,130,766,781,103,203
4361,25017363104,7,54,34,476,180,1371,1479,276,484
2114,25017363201,0,33,61,345,71,622,767,93,122
2605,25017363202,0,39,73,455,103,952,771,98,114
4043,25017364101,22,28,108,1696,282,927,706,54,220
3772,25017364102,21,88,3,1270,301,1178,763,67,81
5145,25017365100,0,16,30,905,134,1895,1307,359,499
4261,25017365201,9,24,29,433,163,1651,1259,383,310
3159,25017365202,16,2,12,621,59,1106,848,249,246
3235,25017366100,26,20,74,651,110,1089,803,190,272
2393,25017366201,0,0,0,199,36,852,708,352,246
3704,25017366202,12,12,37,538,83,1313,1077,370,262
3041,25017367100,5,5,36,397,66,812,1008,345,367
4714,25017367200,0,13,19,725,69,1764,1090,564,470
4964,25017368101,81,54,114,1249,405,1686,970,174,231
2954,25017368102,24,37,128,1269,217,667,419,88,105
3283,25017368200,5,72,24,961,334,983,692,69,143
3879,25017368300,100,69,183,1310,263,989,911,34,20
4022,25017368400,23,161,114,916,78,1628,734,135,233
2254,25017368500,62,86,193,652,83,595,420,52,111
4060,25017368600,75,189,177,1176,220,1225,832,76,90
1905,25017368700,129,22,194,634,71,452,309,23,71
4124,25017368800,240,90,198,1324,152,1198,720,137,65
3755,25017368901,0,12,64,1273,367,1190,676,51,122
2579,25017368902,0,86,86,932,130,574,652,73,46
1194,25017369000,18,11,51,495,79,268,200,35,37
3851,25017369100,15,64,174,1330,252,1156,639,106,115
5432,25017370101,107,96,258,1670,296,1292,1172,239,302
7213,25017370102,50,51,158,1676,390,2527,1506,418,437
2975,25017370201,20,26,8,434,127,1082,816,223,239
3259,25017370202,23,82,40,775,186,1229,565,163,196
4745,25017370300,18,125,84,1065,255,1390,1452,136,220
4221,25017370400,54,51,129,953,279,1472,849,294,140
3866,25017373100,1,82,29,562,200,1432,940,314,306
3550,25017373200,7,208,86,1080,148,1088,640,109,184
2185,25017373300,26,45,30,414,70,642,581,111,266
2393,25017373400,18,0,0,255,40,814,897,144,225
3598,25017373500,0,0,26,385,93,1037,1059,550,448
2007,25017373600,0,0,22,219,70,629,527,252,288
2652,25017373700,0,0,0,163,52,714,804,488,431
4265,25017373800,13,0,2,324,50,1237,1349,736,554
4648,25017373900,23,74,0,540,247,1525,1047,748,444
3237,25017374000,26,0,19,533,87,1035,812,332,393
3617,25017374100,20,4,103,813,121,940,987,311,318
3067,25017374200,28,0,29,251,68,888,939,356,508
2495,25017374300,26,11,8,148,27,772,691,360,452
3903,25017374400,9,37,28,456,57,1142,1108,601,465
3182,25017374500,18,22,25,794,113,893,747,240,330
3606,25017374600,0,50,97,744,183,1027,971,230,304
3232,25017374700,76,11,77,700,127,955,719,260,307
2716,25017374800,14,11,45,423,94,613,825,227,464
3513,25017382100,0,2,66,955,233,1219,745,153,140
3757,25017382200,128,4,120,857,239,1057,1123,171,58
4282,25017382300,0,24,8,719,170,1509,1302,306,244
3734,25017382400,0,53,50,1176,179,989,893,203,191
3628,25017382500,19,13,44,944,171,1223,1026,111,77
3457,25017382601,26,23,38,554,138,1039,1288,125,226
3247,25017382602,0,8,114,743,179,1193,618,175,217
2595,25017383101,79,337,352,1304,64,372,53,23,11
3004,25017383102,13,441,367,1636,134,289,71,15,38
4425,25017383200,54,265,305,2255,225,874,252,90,105
2550,25017383300,60,16,207,1136,68,548,351,164,0
4813,25017383400,125,328,258,2362,206,937,445,83,69
3725,25017383501,69,159,221,1710,156,713,553,37,107
1780,25017383502,26,15,9,491,151,639,318,79,52
4791,25017383600,67,165,258,1603,130,1449,791,160,168
3752,25017383700,9,0,71,1321,150,1225,705,62,209
4663,25017383800,33,15,85,1444,270,1485,1007,139,185
6136,25017383901,12,185,113,1808,377,2340,913,160,228
3969,25017383902,11,63,29,919,309,1090,1010,330,208
1074,25017384001,5,5,13,374,61,325,186,62,43
4425,25017384002,0,99,73,1245,188,1630,767,208,215
5176,25017385100,0,61,191,1584,310,1441,1117,124,348
1964,25017385201,20,78,15,879,82,499,290,30,71
5446,25017385202,16,14,139,1426,402,1759,1240,281,169
2979,25017386100,0,0,8,422,59,1015,980,298,197
2910,25017387100,18,36,20,750,228,1056,677,50,75
4171,25017387201,35,9,32,1126,315,1418,943,127,166
2964,25017387202,26,17,36,573,172,1109,775,135,121
3876,25017388100,28,46,86,797,354,1095,1049,95,326
6028,25017388200,0,165,446,3430,516,1040,355,29,47
2468,25017388300,117,333,552,1035,45,149,203,22,12
0,25017980000,0,0,0,0,0,0,0,0,0
3519,25021400100,19,24,171,373,82,959,889,535,467
4139,25021400200,2,18,69,381,48,1327,1109,521,664
2716,25021400300,24,17,51,343,51,995,520,261,454
4176,25021400400,33,0,0,599,90,1037,1330,376,711
3571,25021400500,14,0,22,448,43,1310,655,434,645
3559,25021400600,79,0,31,331,44,979,800,559,736
2267,25021400700,8,10,22,176,71,652,624,307,397
3971,25021400800,58,45,38,380,90,1428,1053,401,478
2974,25021400900,18,38,16,590,105,845,546,279,537
2179,25021401000,11,10,121,302,62,598,470,221,384
2604,25021401100,0,19,10,280,95,638,769,355,438
4670,25021401200,16,0,39,472,162,1315,1250,712,704
2750,25021402101,9,26,43,1009,228,723,559,102,51
2968,25021402102,60,29,110,1237,232,703,428,110,59
1633,25021402200,18,18,40,735,126,444,203,20,29
3352,25021402300,39,54,24,1259,150,979,615,149,83
4572,25021402400,36,15,187,1537,216,1497,754,166,164
3343,25021402500,0,21,171,892,165,912,898,192,92
4409,25021403100,27,0,34,611,190,1402,1458,485,202
2885,25021403300,0,0,30,411,121,1030,756,395,142
4611,25021403400,21,71,55,719,155,1362,1270,488,470
4475,25021403500,0,72,77,1028,305,1170,1193,316,314
2572,25021404100,18,0,59,253,44,879,876,254,189
2392,25021404201,0,26,38,112,74,904,691,375,172
2096,25021404202,21,4,24,282,61,572,685,248,199
3377,25021404301,0,0,12,330,80,1227,889,552,287
2647,25021404302,13,48,19,542,116,817,575,229,288
2880,25021404400,21,0,37,255,99,1018,827,318,305
3881,25021405100,0,0,37,411,143,1199,1124,659,308
3908,25021406101,11,0,25,799,334,1433,1047,209,50
4214,25021406102,0,38,26,642,260,1480,1209,434,125
5910,25021407100,30,16,116,2151,501,2025,832,161,78
5625,25021408101,35,45,209,1317,367,2251,1209,44,148
3360,25021408102,31,0,65,1292,321,986,542,65,58
4832,25021409101,11,150,527,1976,329,1220,474,58,87
3617,25021409102,0,0,52,800,339,1388,801,150,87
5152,25021410100,153,17,307,1826,255,1426,831,155,182
3147,25021410300,37,62,71,1025,272,975,593,95,17
4240,25021410400,0,18,81,1340,451,1357,750,116,127
5652,25021411100,80,141,245,2002,455,1753,671,118,187
4705,25021411200,124,80,46,1512,312,1542,852,190,47
4000,25021411301,42,31,118,1176,210,1607,615,85,116
2818,25021411302,0,34,64,1163,212,882,311,102,50
4622,25021412100,0,0,134,912,399,1537,1043,362,235
2644,25021412200,0,12,45,419,119,1172,561,166,150
3542,25021412300,0,28,57,664,294,1414,650,329,106
3742,25021413100,36,31,147,1521,339,1124,451,81,12
5346,25021413200,60,17,256,2417,438,1556,474,71,57
3583,25021413300,7,70,7,1159,323,1225,537,211,44
2388,25021413401,0,0,85,984,221,674,358,48,18
3204,25021413402,10,41,89,738,207,1196,785,50,88
3317,25021413500,16,127,151,1591,263,793,284,56,36
3953,25021414100,0,0,96,777,444,1026,1010,306,294
4953,25021414200,48,50,58,620,184,1731,1394,571,297
3492,25021414300,16,52,47,740,212,987,851,380,207
3434,25021415101,0,12,86,1176,152,1128,593,157,130
6047,25021415102,0,155,193,1940,582,1696,1212,166,103
4315,25021415200,3,56,74,1363,462,1328,602,341,86
2916,25021415300,13,0,66,851,314,950,476,202,44
3838,25021416101,12,13,77,910,206,1494,737,218,171
1917,25021416102,5,37,60,550,37,571,398,173,86
4742,25021416200,53,134,125,1534,467,1355,795,139,140
3291,25021416300,16,10,128,806,180,972,756,236,187
4032,25021416400,86,8,185,1046,268,1284,864,158,133
3726,25021417100,23,175,444,924,328,1012,617,97,106
6397,25021417200,182,261,410,2184,286,1614,1196,100,164
2718,25021417300,34,86,45,639,199,762,668,207,78
1891,25021417400,0,9,81,728,177,508,263,96,29
3708,25021417501,233,147,183,1312,218,1120,375,82,38
3573,25021417502,225,165,314,1200,215,1053,351,17,33
3574,25021417601,240,179,286,1166,311,958,311,43,80
3928,25021417602,127,238,241,1401,303,1062,396,65,95
4612,25021417701,149,106,132,1730,212,1157,901,92,133
2098,25021417702,20,7,63,776,112,653,342,106,19
3764,25021417801,0,0,117,1839,364,891,456,34,63
2151,25021417802,83,249,219,951,214,235,123,33,44
5415,25021417901,54,317,170,2101,432,1393,781,60,107
2655,25021417902,71,88,166,1160,247,556,302,13,52
5620,25021418002,82,216,216,2038,461,1368,988,86,165
2070,25021418003,8,9,68,676,140,698,310,81,80
3490,25021418004,111,297,311,1419,120,709,322,69,132
3866,25021418101,124,179,118,876,207,1515,594,223,30
2521,25021418102,18,12,151,1089,110,589,457,34,61
5261,25021418200,52,120,223,2091,484,1723,436,65,67
3937,25021419100,80,34,176,1319,255,1256,647,150,20
3706,25021419200,24,13,156,1601,260,1217,351,40,44
3007,25021419300,52,148,113,1656,195,545,249,29,20
2321,25021419400,17,22,100,1249,136,585,164,38,10
2262,25021419500,42,48,53,852,242,519,383,61,62
4921,25021419600,20,66,48,1894,453,1442,659,223,116
3208,25021419700,51,59,110,1248,257,798,604,50,31
2981,25021419800,6,10,177,1303,352,722,340,48,23
6386,25021420100,148,198,576,2695,582,1526,399,170,92
2335,25021420201,56,114,220,1041,253,430,181,20,20
4538,25021420202,183,48,214,2110,565,860,494,13,51
5114,25021420301,98,336,164,2792,596,856,232,40,0
5583,25021420302,268,68,659,2824,410,788,441,125,0
4027,25021421100,26,78,296,2318,644,384,201,57,23
3882,25021421200,24,0,92,1883,317,1082,375,36,73
3896,25021422100,11,91,84,1632,402,1173,393,101,9
5988,25021422200,7,75,336,2504,639,1561,669,116,81
2296,25021422301,0,16,95,1013,272,549,210,63,78
5432,25021422302,94,82,141,2032,558,1660,689,90,86
6030,25021422400,108,25,257,3089,435,1396,601,45,74
3686,25021422501,27,17,147,1791,565,706,369,64,0
3552,25021422502,40,66,290,1696,221,872,330,23,14
4913,25021422600,3,29,250,2348,308,1204,579,116,76
2865,25021422700,29,26,154,1397,261,671,230,69,28
3197,25021422800,29,17,58,1376,296,977,313,82,49
5572,25021423100,6,29,43,1238,309,2048,1279,520,100
6527,25021440100,27,0,125,2803,728,1604,991,108,141
2047,25021441202,12,0,9,497,256,811,325,92,45
2856,25021441203,0,5,94,1292,302,761,286,68,48
3284,25021441204,15,21,66,1166,244,1225,433,88,26
3292,25021442101,4,0,25,1086,286,1177,515,88,111
5437,25021442102,13,59,128,1705,552,1662,932,207,179
4387,25021442103,0,33,31,1037,350,1691,1077,68,100
2863,25021442201,0,25,60,910,154,918,638,57,101
5827,25021442202,2,66,140,2563,424,1536,933,74,89
5537,25021443101,14,53,209,2790,528,1214,655,47,27
6502,25021443102,35,108,198,2862,937,1346,801,166,49
3120,25021456101,32,45,82,1358,347,736,431,81,8
3761,25021456102,89,111,183,1509,428,877,546,9,9
2950,25021456200,23,124,185,1349,319,589,293,46,22
1448,25021456301,18,11,91,719,80,421,99,9,0
3944,25021456302,69,164,237,2055,148,689,461,71,50
1922,25021456401,38,21,101,775,334,462,167,16,8
3797,25021456402,43,73,127,1394,394,1091,541,82,52
3389,25021457100,95,0,177,1956,250,699,182,5,25
4179,25021457200,0,0,67,749,192,1192,1420,335,224
3040,25023500101,11,28,25,1108,257,933,475,164,39
1807,25023500103,0,0,49,646,206,448,350,93,15
3581,25023500104,42,0,169,1706,318,865,371,67,43
2331,25023501101,4,0,54,427,87,866,667,178,48
6093,25023501102,23,21,65,1348,291,2143,1370,719,113
2669,25023501201,0,0,20,571,107,1097,615,226,33
5237,25023501202,3,20,41,1170,460,1892,1159,407,85
4390,25023502101,24,37,145,2598,277,1002,245,21,41
3823,25023502102,77,12,76,1833,312,1043,383,32,55
4485,25023502200,29,14,243,2160,578,1104,280,55,22
4590,25023503101,26,8,113,1508,534,1603,543,229,26
4937,25023503102,31,52,104,2116,393,1335,614,182,110
3899,25023504101,0,76,43,1167,270,1425,769,93,56
3470,25023504102,2,0,68,675,248,1420,795,223,39
4668,25023505101,14,0,31,992,401,1914,900,220,196
3660,25023505102,8,0,26,1074,184,1414,689,188,77
5411,25023505200,14,85,169,1817,652,1431,851,339,53
4797,25023506101,19,10,67,1517,540,1617,811,165,51
4080,25023506102,0,1,214,1497,301,1154,753,49,111
1880,25023506202,25,5,21,657,187,626,289,26,44
3926,25023506203,59,16,139,1842,274,1211,249,47,89
3644,25023506204,7,0,13,1675,449,969,430,81,20
3832,25023507101,0,0,24,970,275,1406,923,149,85
2971,25023507103,0,10,30,444,102,1222,776,245,142
3957,25023507104,0,30,31,831,216,1651,873,268,57
4916,25023508101,4,71,53,2154,439,1573,432,154,36
3634,25023508102,0,51,127,2062,419,594,331,27,23
4306,25023508200,25,20,114,1706,623,1201,497,108,12
4985,25023509101,3,45,119,1982,421,1699,553,87,76
4346,25023509102,7,48,146,2022,481,1115,429,47,51
3339,25023510100,38,86,143,2065,347,416,244,0,0
4189,25023510200,73,206,398,2359,371,470,246,27,39
2568,25023510300,168,113,286,1492,157,310,40,2,0
2125,25023510400,239,266,213,877,231,206,86,0,7
1989,25023510501,70,83,134,1096,159,319,110,8,10
4073,25023510502,379,310,513,2010,236,465,145,15,0
3048,25023510503,21,199,335,1533,330,465,139,0,26
2287,25023510600,52,81,108,1126,224,517,107,57,15
3887,25023510700,214,205,323,1580,378,778,277,98,34
4105,25023510800,348,195,581,2256,227,428,59,11,0
1508,25023510900,46,180,280,776,122,93,11,0,0
1991,25023511000,177,116,116,1111,92,255,107,17,0
3723,25023511100,18,29,187,2405,313,521,110,0,140
3377,25023511200,138,213,306,2023,190,363,133,11,0
3233,25023511301,113,64,280,1966,294,419,79,18,0
2174,25023511302,11,75,134,1341,147,295,120,41,10
2445,25023511400,127,320,215,1428,125,196,34,0,0
2678,25023511500,187,314,343,1431,89,249,65,0,0
4552,25023511600,95,441,695,2290,398,500,121,12,0
3114,25023511701,61,142,196,1609,216,697,161,0,32
2006,25023511702,19,38,127,1073,104,420,189,31,5
4913,25023520100,38,25,186,2370,392,1355,431,116,0
2752,25023520201,40,57,95,1203,293,698,300,66,0
4128,25023520202,44,51,91,1777,516,1132,424,71,22
3096,25023521101,9,12,187,1646,396,523,269,0,54
2267,25023521102,23,34,112,1213,187,533,132,26,7
2300,25023521201,15,20,120,1296,201,518,97,19,14
2508,25023521202,20,23,30,1392,289,547,132,75,0
3183,25023522101,19,57,132,1609,323,700,231,75,37
4427,25023522102,24,17,217,2332,409,1074,354,0,0
2272,25023523100,39,19,104,1152,248,435,207,47,21
2048,25023523201,5,15,51,1218,190,347,192,26,4
5484,25023523202,15,52,98,3066,539,1037,551,114,12
2259,25023524101,0,17,58,1125,206,581,201,45,26
2828,25023524102,7,29,82,1398,362,607,253,75,15
4117,25023525101,97,9,76,1734,466,1075,516,135,9
4439,25023525104,0,33,42,1898,334,1544,385,92,111
3918,25023525203,2,32,170,2189,448,638,385,0,54
2640,25023525204,0,17,81,1386,255,632,220,23,26
1569,25023525300,0,102,308,975,91,41,36,16,0
5461,25023526100,14,50,170,3010,544,984,566,71,52
3239,25023530100,10,64,92,1905,345,588,199,36,0
2968,25023530200,30,140,47,1658,318,610,112,42,11
2932,25023530300,34,11,116,1370,361,672,294,64,10
4279,25023530400,6,0,58,2162,545,999,393,87,29
4112,25023530500,23,129,160,2080,189,857,535,68,71
4891,25023530600,0,67,264,2342,539,1001,598,37,43
4914,25023530700,2,82,59,1400,452,1730,977,162,50
4608,25023530801,0,48,117,2102,338,1299,610,59,35
3637,25023530802,17,0,170,1550,335,1019,442,27,77
6052,25023530901,46,34,217,2823,953,1257,574,39,109
3228,25023530902,0,8,53,1421,352,792,460,56,86
3050,25023540101,9,22,109,1511,263,705,213,162,56
1893,25023540102,17,52,51,938,197,394,203,29,12
3216,25023540103,8,31,86,1170,494,887,377,69,94
3740,25023541100,15,9,210,1333,382,1079,524,121,67
5824,25023542101,44,0,146,3128,1054,1087,227,94,44
1901,25023542102,12,20,93,1005,210,358,153,28,22
5272,25023542200,0,0,187,3024,623,929,469,40,0
4981,25023542300,45,147,139,2941,454,860,352,32,11
2147,25023543100,2,0,72,1160,199,454,232,17,11
3941,25023544100,41,47,158,2141,500,677,335,16,26
4256,25023544200,59,61,260,2817,324,281,412,42,0
4914,25023545100,40,155,326,2812,346,815,375,33,12
4530,25023545200,23,92,233,3035,393,560,136,47,11
3292,25023545300,0,148,148,1737,472,533,213,16,25
4095,25023545400,23,117,149,1988,538,765,370,102,43
4831,25023560100,21,0,66,1813,576,1354,710,160,131
3745,25023561100,41,83,108,1348,241,1083,622,128,91
252,25023561200,0,4,0,100,25,79,32,0,12
0,25023990003,0,0,0,0,0,0,0,0,0
4394,25025000100,156,232,120,1309,213,1444,612,108,200
3074,25025000201,29,53,47,696,141,1355,566,99,88
2842,25025000202,162,62,190,827,134,936,438,34,59
2305,25025000301,31,3,69,669,25,1085,304,72,47
2609,25025000302,60,57,90,545,74,947,440,98,298
4608,25025000401,90,201,40,910,202,1955,704,235,271
2660,25025000402,0,82,25,334,61,1161,685,170,142
2244,25025000502,11,0,20,277,64,963,643,134,132
1674,25025000503,8,0,8,220,15,704,479,51,189
3961,25025000504,21,92,135,741,163,1469,720,323,297
2939,25025000601,26,39,97,770,46,1334,507,65,55
2961,25025000602,39,62,151,901,131,906,434,160,177
3379,25025000701,0,78,74,627,59,1316,1012,82,131
1101,25025000703,0,1,30,89,67,419,316,35,144
3281,25025000704,0,0,57,522,85,1143,866,280,328
4279,25025000802,94,127,242,974,199,1731,630,92,190
1771,25025000803,0,0,20,74,7,1045,455,124,46
497,25025010103,0,0,2,53,30,218,108,46,40
2286,25025010104,12,0,75,281,35,856,631,205,191
3863,25025010203,6,39,164,645,124,1445,540,435,465
1279,25025010204,0,9,61,87,10,545,148,272,147
531,25025010300,0,17,0,71,0,208,111,71,53
2012,25025010403,16,39,123,547,98,474,270,271,174
1090,25025010404,0,21,64,265,39,300,248,63,90
1064,25025010405,34,77,98,399,27,309,96,15,9
1111,25025010408,0,0,0,143,20,344,308,127,169
2073,25025010500,7,39,81,244,93,786,569,138,116
2910,25025010600,0,33,46,365,93,1001,728,434,210
1740,25025010701,0,2,0,92,54,818,411,252,111
2125,25025010702,0,9,12,181,49,898,602,221,153
2294,25025010801,8,1,4,195,62,789,752,369,114
2649,25025010802,0,42,0,209,89,1104,714,328,163
4201,25025020101,0,0,74,176,86,1770,1023,618,454
3080,25025020200,0,62,33,234,30,1586,439,417,279
1773,25025020301,24,7,0,259,53,408,379,478,165
922,25025020302,0,0,0,28,13,459,234,125,63
3910,25025020303,11,39,252,603,66,1325,985,441,188
1813,25025030100,0,0,84,178,27,886,484,100,54
1396,25025030200,0,35,6,242,10,785,220,44,54
4606,25025030300,0,55,164,765,330,1556,855,436,445
1926,25025030400,0,6,9,265,59,1076,308,153,50
2001,25025030500,0,11,34,341,47,879,461,153,75
2054,25025040100,0,53,21,463,61,864,329,147,116
1301,25025040200,59,34,73,416,34,343,216,90,36
3420,25025040300,27,0,153,484,45,1280,1032,319,80
2190,25025040401,0,55,109,578,130,701,376,207,34
2649,25025040600,11,25,3,407,56,1066,846,107,128
3455,25025040801,123,322,124,957,87,733,637,280,192
3835,25025050101,221,562,441,1422,139,692,224,98,36
3785,25025050200,329,489,308,1503,51,772,222,96,15
1993,25025050300,79,234,216,860,78,324,158,0,44
1923,25025050400,51,235,75,801,44,442,153,60,62
1458,25025050500,39,229,161,325,41,312,253,42,56
1814,25025050600,125,286,130,698,11,385,142,29,8
3990,25025050700,516,764,419,1107,107,738,229,68,42
3338,25025050901,193,762,221,1428,149,350,186,35,14
3457,25025051000,121,198,105,1898,333,488,293,21,0
5553,25025051101,174,850,244,2736,192,1010,273,42,32
2438,25025051200,29,231,152,808,120,778,199,46,75
3058,25025060101,9,7,63,669,50,1365,652,170,73
1770,25025060200,10,0,52,428,62,822,326,57,13
3139,25025060301,0,79,25,722,74,1455,604,125,55
5061,25025060400,6,61,96,948,253,2676,754,167,100
3494,25025060501,0,29,97,453,216,1813,622,130,134
3826,25025060600,3,66,11,406,171,1762,938,240,229
1417,25025060700,81,278,199,668,73,118,0,0,0
4261,25025060800,11,198,143,712,154,2009,823,87,124
2157,25025061000,67,55,186,1010,41,585,191,12,10
1514,25025061101,98,196,162,679,50,304,15,0,10
3860,25025061200,0,119,23,449,129,1709,969,204,258
5107,25025070101,205,328,109,794,140,1192,1288,693,358
3009,25025070200,292,637,173,663,52,579,345,191,77
3710,25025070300,109,62,49,453,44,1208,965,591,229
2249,25025070402,245,191,134,578,121,488,273,148,71
4554,25025070500,296,346,4,785,167,1268,1022,409,257
2025,25025070600,25,0,9,205,22,870,584,259,51
2261,25025070700,13,12,125,531,32,702,531,189,126
3125,25025070800,0,148,109,537,102,1145,492,382,210
2278,25025070900,39,171,103,474,99,521,524,188,159
3350,25025071101,173,75,120,735,140,981,611,389,126
2750,25025071201,109,138,289,863,68,558,401,191,133
1848,25025080100,68,119,292,961,36,275,76,17,4
1545,25025080300,21,56,237,676,81,336,126,0,12
1861,25025080401,122,134,237,831,127,179,164,46,21
1938,25025080500,74,127,257,1027,96,245,112,0,0
1234,25025080601,76,124,269,450,57,204,40,8,6
1913,25025080801,149,148,372,907,73,214,41,5,4
1891,25025080900,10,12,36,250,175,686,352,214,156
2805,25025081001,141,231,278,928,84,556,242,181,164
2984,25025081100,71,111,103,855,38,864,415,204,323
2525,25025081200,139,213,338,968,64,516,126,90,71
3545,25025081300,205,298,529,1544,120,712,102,19,16
1808,25025081400,37,7,139,676,82,536,221,34,76
1762,25025081500,35,184,256,756,76,320,106,29,0
2537,25025081700,115,211,327,1180,149,346,156,0,53
2024,25025081800,78,142,200,1042,124,224,144,35,35
2315,25025081900,31,169,166,1289,121,373,96,54,16
2112,25025082000,21,119,178,1015,102,479,178,11,9
4226,25025082100,47,502,246,2422,371,325,188,114,11
3075,25025090100,96,251,343,1768,145,324,123,11,14
1326,25025090200,75,103,159,728,52,163,29,17,0
1775,25025090300,50,185,67,1038,159,204,50,0,22
2756,25025090400,67,325,277,1273,299,294,190,11,20
1735,25025090600,136,92,231,938,69,193,54,12,10
3214,25025090700,140,102,191,1044,127,1080,381,114,35
1792,25025090901,20,111,95,409,145,482,456,39,35
2367,25025091001,35,196,30,558,80,792,490,130,56
3779,25025091100,69,78,342,1221,126,1338,435,130,40
2635,25025091200,96,202,104,1070,91,673,313,86,0
1608,25025091300,145,165,108,813,84,257,36,0,0
2194,25025091400,86,221,202,1112,183,262,99,29,0
3351,25025091500,127,463,326,1658,82,438,160,89,8
2019,25025091600,80,107,184,1056,129,275,107,66,15
2069,25025091700,45,420,161,932,84,298,129,0,0
2186,25025091800,133,180,158,1369,207,79,46,0,14
2949,25025091900,135,197,233,1737,291,227,119,0,10
3777,25025092000,132,324,406,2090,110,523,103,50,39
5538,25025092101,287,280,804,2520,262,822,441,75,47
2257,25025092200,87,61,159,1006,165,409,241,112,17
2146,25025092300,32,139,247,1104,220,297,83,15,9
3626,25025092400,71,265,323,2203,316,405,43,0,0
4189,25025100100,68,353,371,2288,386,614,109,0,0
1998,25025100200,67,83,268,1147,133,223,59,18,0
2791,25025100300,55,158,294,1552,261,302,145,0,24
3800,25025100400,171,411,209,1823,255,570,353,8,0
4546,25025100500,137,404,322,2073,216,753,474,150,17
4963,25025100601,94,178,348,2131,203,1303,564,75,67
1622,25025100603,21,30,74,613,54,631,151,35,13
3351,25025100700,106,37,180,1352,180,940,423,71,62
5069,25025100800,69,63,245,1998,195,1411,901,97,90
3382,25025100900,64,65,155,1741,165,716,311,125,40
4440,25025101001,23,216,348,2863,275,344,307,42,22
4447,25025101002,108,156,449,2531,395,541,251,0,16
2390,25025101101,35,105,241,1232,263,228,259,27,0
3152,25025101102,34,273,317,1832,271,257,134,34,0
5135,25025110103,120,142,280,1815,192,1477,784,39,286
1675,25025110201,7,175,187,749,135,275,131,16,0
1995,25025110301,6,116,124,772,132,471,333,23,18
2690,25025110401,51,141,105,1140,149,538,409,65,92
3492,25025110403,29,72,172,1169,241,971,629,105,104
2685,25025110501,13,65,38,851,218,807,380,172,141
3504,25025110502,43,60,213,1415,135,613,759,163,103
2415,25025110601,27,66,35,614,95,666,610,232,70
4506,25025110607,14,62,73,1306,110,1393,1075,232,241
1398,25025120103,0,22,8,133,20,389,337,312,177
1912,25025120104,34,0,0,326,75,503,504,304,166
1833,25025120105,6,26,15,346,14,528,487,271,140
2952,25025120201,55,82,150,592,147,934,696,163,133
4074,25025120301,25,136,166,1200,90,1304,768,245,140
5386,25025120400,21,101,100,895,137,1687,1212,730,503
2178,25025120500,39,61,43,626,46,735,453,82,93
2024,25025120600,0,23,43,387,54,773,433,168,143
1802,25025120700,17,57,28,271,47,453,462,134,333
5318,25025130100,57,67,131,1471,209,1432,1396,241,314
3829,25025130200,15,72,43,912,166,1347,903,152,219
3328,25025130300,0,22,73,904,176,1014,775,254,110
3750,25025130402,16,43,66,1482,298,878,587,295,85
2705,25025130404,21,135,144,1183,305,468,294,66,89
3931,25025130406,29,196,392,1665,420,787,364,35,43
3904,25025140102,64,76,324,1681,323,923,409,92,12
2924,25025140105,69,106,170,1473,195,584,272,34,21
1414,25025140106,40,79,142,789,91,141,60,41,31
2106,25025140107,18,24,125,917,206,403,350,21,42
1840,25025140201,58,26,109,885,229,342,151,22,18
4893,25025140202,58,243,229,2436,480,962,375,72,38
5106,25025140300,227,229,389,2582,526,917,226,10,0
6467,25025140400,278,279,658,3370,457,886,329,118,92
5135,25025160101,327,1131,501,2246,257,451,171,36,15
2441,25025160200,147,753,149,1093,59,199,36,0,5
1927,25025160300,93,98,127,717,108,467,193,107,17
2364,25025160400,183,335,233,975,82,298,215,18,25
3918,25025160501,219,619,480,1768,136,386,198,66,46
3354,25025160502,247,496,276,1637,209,359,107,0,23
3364,25025160601,158,162,298,1837,133,502,202,53,19
3751,25025160602,270,494,361,1765,231,354,199,38,39
5617,25025170100,123,354,301,3816,194,505,285,0,39
3285,25025170200,93,143,170,2143,125,487,88,11,25
6844,25025170300,286,329,310,3886,290,1117,518,77,31
3613,25025170400,230,234,213,1805,249,470,368,44,0
3074,25025170501,109,48,222,1267,276,736,237,83,96
2073,25025170502,6,16,84,1084,82,479,201,114,7
4190,25025170601,158,222,501,2091,267,601,237,62,51
1653,25025170701,54,78,151,824,85,292,138,31,0
4290,25025170702,250,435,145,2589,150,449,250,0,22
4352,25025170800,428,400,136,2518,92,458,236,33,51
4049,25025180101,54,19,142,2099,347,986,362,40,0
3311,25025180200,64,28,72,1804,217,780,260,59,27
2093,25025180301,23,3,24,777,148,730,322,47,19
1467,25025180400,10,15,38,692,104,340,209,36,23
3343,25025180500,34,0,109,1648,333,721,323,93,82
446,25025980101,0,19,121,254,0,46,6,0,0
342,25025980300,7,52,91,185,0,7,0,0,0
0,25025980700,0,0,0,0,0,0,0,0,0
0,25025981000,0,0,0,0,0,0,0,0,0
284,25025981100,0,0,43,168,23,23,13,4,10
0,25025981201,0,0,0,0,0,0,0,0,0
71,25025981202,0,0,0,17,9,37,8,0,0
363,25025981300,0,33,6,39,17,122,112,28,6
0,25025981501,0,0,0,0,0,0,0,0,0
0,25025981502,0,0,0,0,0,0,0,0,0
0,25025981600,0,0,0,0,0,0,0,0,0
0,25025981700,0,0,0,0,0,0,0,0,0
26,25025981800,0,0,0,3,0,5,8,10,0
23,25025990101,0,0,0,23,0,0,0,0,0
