total (occupation),geoid,top_occ,service,sales,nat_construction,production
2081,25009201100,1161,280,460,57,123
1255,25009202101,767,107,251,72,58
3535,25009202102,1926,488,669,266,186
3298,25009202200,2478,165,369,141,145
3809,25009203100,2274,370,902,102,161
2394,25009203200,1373,321,510,85,105
2036,25009203301,1088,234,424,58,232
2176,25009203302,1397,318,302,113,46
2611,25009204101,994,619,634,145,219
2745,25009204102,935,548,898,129,235
2815,25009204200,1117,665,717,88,228
2180,25009204300,683,758,544,75,120
1908,25009204400,993,271,359,84,201
1919,25009204500,1049,260,305,136,169
2856,25009204600,1271,579,436,275,295
3262,25009204701,1341,743,837,81,260
3954,25009204702,1699,834,677,276,468
2868,25009205100,796,447,787,406,432
2549,25009205200,700,849,318,171,511
2457,25009205300,935,478,555,265,224
2710,25009205400,1225,448,566,198,273
2276,25009205500,478,541,625,172,460
1549,25009205600,495,261,499,168,126
2981,25009205700,731,813,655,373,409
1575,25009205800,333,514,328,133,267
2209,25009205900,383,765,485,290,286
1896,25009206000,354,923,263,106,250
2010,25009206100,345,639,283,307,436
2965,25009206200,508,869,425,360,803
2449,25009206300,459,638,527,273,552
3163,25009206400,853,704,723,402,481
1608,25009206500,370,415,311,210,302
2273,25009206600,744,738,333,161,297
2031,25009206700,525,462,530,102,412
1701,25009206800,353,597,179,181,391
1671,25009206900,332,732,336,100,171
1046,25009207000,141,387,101,167,250
1860,25009207100,278,710,232,156,484
1027,25009207200,137,318,259,68,245
2627,25009208101,875,524,709,273,246
1795,25009208102,714,217,527,216,121
3120,25009208200,1059,462,983,250,366
4231,25009208300,2000,758,780,304,389
3541,25009208400,1537,447,897,325,335
3324,25009209100,1601,396,1058,47,222
3184,25009209200,1860,336,684,147,157
3904,25009210100,1789,579,949,243,344
2896,25009210200,1207,473,743,249,224
3882,25009210300,1349,934,978,161,460
3852,25009210400,1813,515,992,231,301
3509,25009210500,1597,554,724,410,224
2339,25009210600,901,620,379,180,259
2571,25009210700,683,683,755,126,324
2410,25009210800,800,507,564,200,339
2252,25009210900,849,445,504,142,312
1964,25009211100,976,254,517,103,114
3717,25009211200,1713,675,820,218,291
3450,25009211300,1532,434,958,210,316
2311,25009211401,981,435,487,123,285
3546,25009211402,1729,515,586,286,430
4390,25009212100,2250,608,958,255,319
4336,25009213100,2879,300,932,156,69
2925,25009214100,1904,263,605,32,121
2382,25009215101,1664,190,305,157,66
1521,25009215102,804,180,300,192,45
2650,25009216100,1361,453,687,80,69
3754,25009217100,2040,487,711,243,273
2347,25009217201,1230,360,489,162,106
2104,25009217202,1064,341,349,136,214
2584,25009217300,1093,461,612,246,172
3610,25009217400,1309,883,649,266,503
3730,25009217500,2195,550,635,73,277
4888,25009217600,2524,864,1038,192,270
2732,25009218100,1642,227,673,101,89
2112,25009220101,1136,213,457,162,144
1499,25009220102,711,295,221,211,61
1997,25009221100,1002,280,340,145,230
2595,25009221300,1163,413,560,274,185
1864,25009221400,596,452,305,262,249
1413,25009221500,430,365,245,184,189
1332,25009221600,515,335,254,77,151
1677,25009221700,547,486,360,109,175
887,25009221800,416,129,227,64,51
1784,25009221901,967,168,246,247,156
2191,25009221902,943,348,480,228,192
1881,25009222100,1057,168,358,195,103
2102,25009223100,1144,345,315,91,207
2116,25009223200,1067,414,385,106,144
3136,25009223300,1745,366,765,139,121
1001,25009250100,284,254,137,27,299
2482,25009250200,613,730,451,123,565
1032,25009250300,97,401,182,54,298
1881,25009250400,253,516,209,245,658
1953,25009250500,244,591,233,117,768
2898,25009250600,358,933,313,283,1011
2503,25009250700,256,783,460,268,736
3897,25009250800,517,1066,577,274,1463
793,25009250900,94,332,95,30,242
999,25009251000,70,413,141,44,331
887,25009251100,82,288,132,37,348
572,25009251200,98,90,138,29,217
1531,25009251300,111,407,343,178,492
2346,25009251400,359,580,475,228,704
2704,25009251500,491,824,565,116,708
3362,25009251600,406,1063,716,308,869
2652,25009251700,734,612,534,190,582
3819,25009251800,1179,805,772,180,883
1852,25009252101,426,545,528,133,220
2104,25009252102,982,331,445,95,251
1909,25009252201,724,365,508,150,162
1819,25009252202,778,230,459,125,227
4324,25009252300,1092,896,929,435,972
2363,25009252400,372,663,518,255,555
2307,25009252501,679,529,475,170,454
2440,25009252502,860,395,555,261,369
3858,25009252601,1389,913,984,203,369
2532,25009252602,1282,376,470,165,239
1702,25009252603,619,262,434,205,182
2879,25009253100,1282,494,628,214,261
1714,25009253201,907,232,382,96,97
3576,25009253202,1723,601,645,83,524
2245,25009253203,1362,175,511,101,96
2969,25009253204,2012,253,521,79,104
2318,25009253205,1721,111,392,59,35
3345,25009254100,2320,296,545,77,107
2949,25009254200,1827,449,478,76,119
1979,25009254301,1437,124,216,47,155
2500,25009254302,1782,117,430,51,120
1984,25009254401,1289,163,353,24,155
3878,25009254402,2841,381,470,108,78
2039,25009254403,1370,189,268,57,155
2852,25009260100,879,680,638,308,347
1735,25009260200,540,429,284,99,383
2562,25009260301,854,515,643,198,352
1711,25009260302,667,291,464,203,86
2014,25009260401,761,401,447,151,254
3869,25009260402,1682,738,1010,182,257
1994,25009260500,796,311,443,178,266
2200,25009260600,677,456,535,155,377
2669,25009260700,909,506,588,290,376
2318,25009260800,598,624,504,151,441
2697,25009260900,974,454,645,220,404
2121,25009261000,703,411,389,265,353
2632,25009261101,1204,419,637,259,113
3112,25009261102,1249,642,548,207,466
3811,25009262100,1867,447,906,165,426
2402,25009263100,1343,285,590,85,99
3829,25009264100,1773,542,762,434,318
2013,25009265101,957,317,405,195,139
2798,25009265102,1495,389,543,221,150
2490,25009266100,1445,206,422,204,213
3163,25009266200,1385,424,721,385,248
1991,25009266300,833,302,431,188,237
2215,25009266400,1109,368,421,182,135
1890,25009267101,809,313,488,108,172
3101,25009267102,1173,639,692,219,378
1631,25009268100,933,106,411,93,88
3657,25009268200,2238,630,523,72,194
2182,25009268300,1410,214,381,53,124
2432,25009268400,1546,169,579,51,87
3475,25009269100,1871,243,685,383,293
3585,25009270100,1721,399,949,202,314
0,25009990100,0,0,0,0,0
1792,25017300100,697,327,286,291,191
2210,25017301101,954,270,448,319,219
2920,25017301102,1277,415,618,263,347
3287,25017310100,1256,637,830,140,424
3356,25017310200,954,924,665,104,709
3203,25017310300,813,828,615,368,579
1532,25017310400,448,463,224,201,196
1969,25017310500,775,515,325,148,206
2953,25017310601,981,716,695,243,318
2866,25017310602,786,602,567,286,625
2488,25017310700,593,507,718,193,477
1314,25017311100,390,271,196,87,370
1469,25017311200,334,284,209,161,481
2206,25017311300,562,625,379,113,527
3468,25017311400,1363,702,608,128,667
1625,25017311500,714,401,208,95,207
2882,25017311600,1148,565,428,161,580
2778,25017311700,740,548,538,256,696
1641,25017311800,442,469,164,230,336
1027,25017311900,253,143,203,50,378
1325,25017312000,286,361,251,129,298
1380,25017312100,512,381,186,71,230
2549,25017312200,669,689,532,300,359
2990,25017312300,1033,592,658,335,372
950,25017312400,176,247,169,80,278
2535,25017312501,1071,456,417,117,474
2197,25017312502,936,414,493,182,172
3847,25017313101,2068,528,840,237,174
3320,25017313102,1387,638,796,165,334
3824,25017314101,1523,749,838,210,504
4170,25017314102,1839,873,565,369,524
2700,25017314200,1264,571,381,222,262
4430,25017314301,1838,687,914,464,527
1869,25017314302,861,266,451,124,167
3102,25017315100,1543,450,642,222,245
5022,25017315200,2739,746,920,406,211
1853,25017315401,895,220,435,169,134
1861,25017315402,881,322,364,134,160
984,25017315403,400,100,234,146,104
4480,25017315500,1878,618,1216,398,370
3041,25017316101,1276,559,580,381,245
3557,25017316102,1941,356,705,298,257
2431,25017316201,1095,427,447,221,241
2336,25017316202,984,350,499,320,183
5911,25017316300,2561,953,1353,429,615
3684,25017316400,1581,508,888,456,251
3289,25017316500,1688,366,601,292,342
3748,25017317101,2347,252,839,106,204
2493,25017317102,1596,170,429,164,134
2320,25017317103,1459,134,411,169,147
1710,25017317201,1059,148,376,80,47
1754,25017317202,1152,181,308,69,44
2145,25017317203,1297,212,410,119,107
1443,25017317301,643,269,271,129,131
2961,25017317302,1623,430,582,145,181
3690,25017318100,2199,293,799,189,210
2889,25017318200,1895,259,361,201,173
4114,25017318300,2581,514,758,129,132
2278,25017318400,1567,277,350,39,45
2758,25017320102,1772,185,482,194,125
1436,25017320103,961,201,188,32,54
4955,25017320104,3444,387,813,185,126
3280,25017321100,1334,753,791,140,262
3814,25017321200,1600,569,707,606,332
4805,25017321300,1675,1193,869,436,632
2119,25017321400,1181,256,402,117,163
3912,25017321500,1530,852,832,443,255
5204,25017321600,2443,1085,800,422,454
2792,25017322100,1308,401,703,189,191
2257,25017322200,1175,398,439,138,107
3508,25017322300,1711,630,682,266,219
2719,25017322400,1184,349,677,171,338
3821,25017323100,2516,263,705,179,158
3008,25017324101,1569,458,526,151,304
2369,25017324102,1485,212,350,127,195
4722,25017325100,2660,504,897,269,392
2498,25017326101,1261,443,458,157,179
3320,25017326102,1982,392,647,161,138
2358,25017327101,1286,310,521,137,104
2390,25017327102,930,299,617,225,319
1913,25017327103,914,333,371,143,152
1905,25017328100,1021,174,403,193,114
4949,25017330100,2725,689,1168,216,151
3705,25017330200,1947,409,914,399,36
2034,25017331101,927,293,498,139,177
3929,25017331102,2069,403,872,304,281
3470,25017331200,1718,454,670,294,334
3861,25017331300,1950,390,873,222,426
3515,25017332100,1929,453,735,235,163
5120,25017332200,2885,590,967,303,375
3990,25017332300,1793,678,951,357,211
2050,25017332400,1239,151,400,75,185
4345,25017333100,1885,799,1156,203,302
2805,25017333200,1243,453,619,234,256
2136,25017333300,791,602,318,237,188
3731,25017333400,1684,810,740,276,221
3317,25017333501,1501,443,739,209,425
1862,25017333502,846,328,346,189,153
4967,25017333600,2521,1031,798,219,398
3638,25017334100,2308,345,696,147,142
2176,25017334200,1334,201,501,65,75
4204,25017334300,2886,316,596,233,173
3575,25017334400,2393,275,625,188,94
3151,25017335100,1884,326,540,198,203
3575,25017335200,1898,460,776,141,300
2669,25017335301,1327,402,659,79,202
2949,25017335302,1482,377,750,265,75
3004,25017335400,1820,287,674,131,92
3156,25017336100,2029,280,604,92,151
3230,25017336200,2098,295,650,146,41
3881,25017336300,2321,612,584,100,264
3447,25017336401,2133,499,518,100,197
2478,25017336402,1730,172,324,140,112
1623,25017337101,1000,139,224,106,154
3283,25017337102,1742,458,664,280,139
1921,25017337201,915,280,400,139,187
2735,25017337202,1663,264,482,246,80
3861,25017337300,1750,543,708,400,460
1542,25017338100,1133,129,238,26,16
2021,25017338200,1327,193,299,132,70
1446,25017338300,970,122,284,21,49
3086,25017338400,2353,199,420,60,54
2871,25017338500,2104,141,536,48,42
3346,25017339100,2088,357,492,204,205
3770,25017339200,2333,554,593,46,244
1500,25017339300,833,247,249,79,92
2369,25017339400,1573,255,249,139,153
3240,25017339500,1725,552,674,164,125
3965,25017339600,2230,499,939,69,228
2386,25017339700,1169,447,519,77,174
3012,25017339801,1938,217,585,141,131
3004,25017339802,1930,390,455,88,141
3222,25017339900,1588,609,633,205,187
1488,25017340000,818,198,362,71,39
3420,25017340100,1935,622,469,97,297
2389,25017341101,1328,419,442,106,94
2522,25017341102,1606,373,269,51,223
3910,25017341200,1320,1088,773,299,430
2654,25017341300,1410,577,471,56,140
3569,25017341400,1124,1119,701,199,426
2904,25017341500,1052,892,407,275,278
3277,25017341600,1632,553,663,162,267
2714,25017341700,1278,363,535,183,355
2862,25017341800,912,957,282,256,455
760,25017341901,265,122,152,123,98
4793,25017341902,2488,778,1079,175,273
2647,25017342101,681,793,601,162,410
2101,25017342102,516,602,448,265,270
2797,25017342201,610,842,399,515,431
2122,25017342202,648,551,419,185,319
4331,25017342300,1338,1349,853,324,467
4161,25017342400,1269,1271,700,198,723
4387,25017342500,1291,1190,599,819,488
2672,25017342600,445,805,506,319,597
1614,25017350103,895,185,307,106,121
4181,25017350104,1621,993,612,356,599
4689,25017350200,2274,1013,828,414,160
2189,25017350300,1537,291,277,14,70
4416,25017350400,3484,186,634,61,51
1147,25017350500,807,67,202,26,45
2869,25017350600,1799,451,551,17,51
3419,25017350700,2214,509,464,20,212
1658,25017350800,1287,127,204,6,34
3102,25017350900,2456,149,375,40,82
5668,25017351000,4547,339,486,48,248
4133,25017351100,3162,326,456,28,161
3228,25017351203,2484,283,270,59,132
3220,25017351204,2436,315,308,25,136
2748,25017351300,1564,368,455,84,277
3137,25017351403,1426,840,479,146,246
2373,25017351404,977,429,406,308,253
1578,25017351500,806,402,249,75,46
1846,25017352101,1515,52,261,11,7
1652,25017352102,1380,83,168,13,8
1017,25017352200,789,104,50,12,62
2790,25017352300,2204,197,294,30,65
1099,25017352400,586,212,163,37,101
2151,25017352500,1593,106,380,49,23
1972,25017352600,1403,140,375,18,36
1295,25017352700,673,287,222,25,88
1647,25017352800,1175,141,240,15,76
1930,25017352900,1650,63,181,29,7
2507,25017353000,2009,214,193,55,36
1752,25017353101,1382,146,148,8,68
2664,25017353102,1771,299,551,25,18
3176,25017353200,2691,155,269,22,39
3116,25017353300,2530,181,335,44,26
2017,25017353400,1319,288,228,50,132
1685,25017353500,1292,135,140,73,45
2659,25017353600,2032,233,333,35,26
2994,25017353700,2227,304,385,29,49
2820,25017353800,2489,63,214,37,17
3159,25017353900,2182,347,531,38,61
2657,25017354000,2111,106,342,59,39
1683,25017354100,1340,113,174,7,49
1577,25017354200,1364,31,182,0,0
1985,25017354300,1505,233,222,10,15
1067,25017354400,813,55,126,50,23
1639,25017354500,1365,60,179,35,0
3566,25017354600,2739,301,300,31,195
1793,25017354700,1424,91,208,29,41
1707,25017354800,1380,79,187,25,36
4732,25017354900,2940,447,842,111,392
1994,25017355000,1480,139,256,49,70
2096,25017356100,1456,154,364,71,51
3205,25017356300,2231,294,426,121,133
4111,25017356400,2822,418,530,167,174
3780,25017356500,2667,389,586,81,57
2486,25017356601,1627,335,434,59,31
2548,25017356602,1876,141,396,43,92
3558,25017356701,2503,442,393,86,134
3609,25017356702,2336,353,818,62,40
2211,25017357100,1773,99,289,14,36
1671,25017357200,1259,142,188,29,53
1849,25017357300,1296,118,345,37,53
1174,25017357400,954,49,122,31,18
1255,25017357500,933,70,220,10,22
1349,25017357600,942,103,207,39,58
1924,25017357700,1177,267,377,35,68
1824,25017357800,1287,180,222,28,107
2656,25017358100,2188,81,292,38,57
2515,25017358300,2214,70,174,12,45
2481,25017358400,1978,225,213,0,65
2660,25017358500,2053,150,283,52,122
3166,25017358600,2324,339,312,42,149
2591,25017358700,2136,165,265,8,17
3310,25017359100,2316,222,611,35,126
3632,25017359300,2662,438,396,63,73
348,25017360100,216,42,72,0,18
2233,25017360200,1856,187,159,12,19
2447,25017361100,1858,96,367,38,88
2834,25017361200,2046,237,366,115,70
2865,25017361300,2229,159,360,92,25
2574,25017362100,1936,198,285,118,37
3493,25017363102,2459,394,415,54,171
1759,25017363103,1225,206,210,18,100
3405,25017363104,2727,156,405,56,61
1634,25017363201,1152,145,247,40,50
1927,25017363202,1279,95,441,82,30
3262,25017364101,1772,420,699,220,151
2995,25017364102,1739,378,463,218,197
3942,25017365100,2695,239,780,104,124
3232,25017365201,2180,218,693,27,114
2233,25017365202,1423,242,509,48,11
2473,25017366100,1761,128,399,61,124
1970,25017366201,1487,179,228,21,55
2643,25017366202,1896,244,409,45,49
1943,25017367100,1604,88,176,75,0
2923,25017367200,1903,179,644,51,146
4090,25017368101,2378,367,910,163,272
2452,25017368102,1329,356,375,237,155
2581,25017368200,1479,442,502,80,78
3340,25017368300,1889,407,580,132,332
4661,25017368400,2630,658,1163,119,91
1987,25017368500,984,522,194,133,154
3667,25017368600,1793,630,714,315,215
1725,25017368700,564,578,202,107,274
3364,25017368800,1957,638,412,25,332
3641,25017368901,1897,439,954,192,159
2460,25017368902,1076,513,528,149,194
729,25017369000,369,103,193,40,24
3132,25017369100,1677,429,751,146,129
4265,25017370101,2382,591,913,273,106
5954,25017370102,3839,689,1036,201,189
2207,25017370201,1702,175,238,31,61
2659,25017370202,1682,252,409,145,171
3526,25017370300,2129,400,619,47,331
3436,25017370400,2170,376,676,111,103
2833,25017373100,2312,137,270,57,57
3109,25017373200,1600,526,662,192,129
1831,25017373300,1209,276,210,71,65
1849,25017373400,1361,135,315,19,19
2706,25017373500,1929,250,454,11,62
2864,25017373600,1753,417,608,44,42
2044,25017373700,1613,113,294,16,8
3145,25017373800,2527,228,280,45,65
2981,25017373900,2241,105,546,43,46
2610,25017374000,1935,150,436,57,32
2707,25017374100,1916,142,533,34,82
2287,25017374200,1811,115,277,42,42
1832,25017374300,1509,72,185,58,8
2731,25017374400,2208,108,342,36,37
2356,25017374500,1721,167,213,104,151
3183,25017374600,2001,450,507,90,135
2652,25017374700,1604,325,497,103,123
2510,25017374800,1582,302,557,20,49
2621,25017382100,1608,345,492,45,131
3139,25017382200,1953,446,449,185,106
3281,25017382300,2409,183,531,83,75
2828,25017382400,1706,487,434,104,97
2914,25017382500,1789,312,583,96,134
2993,25017382601,2393,233,214,24,129
2245,25017382602,1471,244,351,106,73
2031,25017383101,236,904,280,404,207
2504,25017383102,391,983,526,313,291
3713,25017383200,1063,834,891,671,254
1740,25017383300,785,237,313,335,70
3953,25017383400,937,1594,378,622,422
2791,25017383501,1159,734,565,139,194
2221,25017383502,996,575,441,64,145
3784,25017383600,1946,797,635,244,162
3200,25017383700,1744,487,669,128,172
3666,25017383800,1952,429,821,117,347
4220,25017383901,2266,562,868,257,267
3064,25017383902,1901,395,558,145,65
849,25017384001,457,102,171,22,97
3461,25017384002,2015,398,459,316,273
4259,25017385100,2512,604,664,158,321
1591,25017385201,752,363,252,130,94
4470,25017385202,2772,318,891,324,165
2284,25017386100,1750,132,281,89,32
2307,25017387100,1455,248,318,108,178
3446,25017387201,2030,498,497,244,177
2247,25017387202,1394,205,459,117,72
3138,25017388100,2216,238,412,77,195
3390,25017388200,1330,612,821,289,338
2178,25017388300,625,574,554,81,344
0,25017980000,0,0,0,0,0
2822,25021400100,2133,282,306,0,101
3254,25021400200,2582,121,483,39,29
2649,25021400300,1882,298,368,45,56
3240,25021400400,2477,168,421,21,153
3456,25021400500,2762,162,429,82,21
3396,25021400600,2742,163,406,40,45
1992,25021400700,1608,80,288,11,5
2751,25021400800,2142,201,297,44,67
2320,25021400900,1880,149,156,65,70
1830,25021401000,1338,193,253,11,35
1739,25021401100,1363,94,145,34,103
3208,25021401200,2452,273,472,4,7
2125,25021402101,1315,170,394,131,115
2524,25021402102,1166,392,576,192,198
1392,25021402200,555,253,321,136,127
2366,25021402300,1259,387,491,146,83
3511,25021402400,2048,305,864,88,206
1724,25021402500,979,190,384,76,95
3382,25021403100,2298,255,579,130,120
2128,25021403300,1503,208,292,46,79
3220,25021403400,2155,166,784,64,51
3197,25021403500,2047,378,569,146,57
1805,25021404100,1261,84,449,11,0
1333,25021404201,1078,70,157,19,9
2210,25021404202,1329,277,524,45,35
2425,25021404301,1898,110,374,17,26
1839,25021404302,1225,150,405,29,30
3046,25021404400,1874,291,779,10,92
2708,25021405100,2068,185,378,38,39
2895,25021406101,1718,304,700,77,96
3280,25021406102,2310,312,513,119,26
4418,25021407100,2031,633,1102,367,285
4648,25021408101,2699,508,902,390,149
2930,25021408102,1517,489,504,229,191
2147,25021409101,1194,274,461,122,96
2921,25021409102,1741,313,636,135,96
3388,25021410100,1777,457,771,273,110
2392,25021410300,1291,278,479,171,173
3464,25021410400,1753,489,886,110,226
4504,25021411100,2438,684,749,315,318
3969,25021411200,2116,341,948,323,241
2502,25021411301,1364,286,570,129,153
1862,25021411302,1044,231,350,106,131
3402,25021412100,2220,421,549,64,148
1744,25021412200,1041,145,422,72,64
2818,25021412300,1815,176,553,134,140
2808,25021413100,1535,416,629,41,187
3652,25021413200,1837,394,834,282,305
2946,25021413300,1601,511,539,143,152
1930,25021413401,898,249,541,118,124
2634,25021413402,1510,392,506,89,137
2844,25021413500,1103,573,719,212,237
3043,25021414100,2272,103,546,39,83
3909,25021414200,2757,311,655,14,172
2680,25021414300,1822,229,376,93,160
2599,25021415101,1478,256,614,143,108
4554,25021415102,2296,697,917,422,222
3044,25021415200,1973,277,486,123,185
2081,25021415300,1256,261,305,135,124
2661,25021416101,1675,276,501,108,101
1816,25021416102,897,337,492,68,22
4059,25021416200,2232,716,770,213,128
2620,25021416300,1752,301,400,27,140
3034,25021416400,2112,242,302,246,132
3236,25021417100,1540,732,494,213,257
4800,25021417200,2084,1070,1075,214,357
1607,25021417300,1054,210,259,19,65
1421,25021417400,651,301,256,105,108
3101,25021417501,1323,535,831,111,301
3029,25021417502,1117,864,619,91,338
2856,25021417601,1088,750,714,147,157
2677,25021417602,1344,441,721,59,112
3220,25021417701,1707,490,720,149,154
1621,25021417702,822,338,317,50,94
2862,25021417801,1517,430,447,236,232
1400,25021417802,338,501,300,78,183
3668,25021417901,1880,660,482,295,351
2111,25021417902,758,399,601,197,156
4096,25021418002,2090,800,732,158,316
1834,25021418003,1085,220,338,84,107
2584,25021418004,1042,577,611,169,185
2575,25021418101,1640,361,473,20,81
1950,25021418102,744,435,313,140,318
3886,25021418200,1542,854,905,339,246
3295,25021419100,1622,553,700,306,114
2664,25021419200,1246,393,670,144,211
2166,25021419300,802,339,588,212,225
1757,25021419400,709,227,382,284,155
1597,25021419500,1043,156,284,63,51
3810,25021419600,2282,591,486,270,181
2335,25021419700,1125,461,405,195,149
2193,25021419800,935,352,526,142,238
4846,25021420100,2148,886,1031,307,474
1857,25021420201,639,491,308,103,316
3777,25021420202,1473,925,907,157,315
3644,25021420301,1112,884,910,243,495
4124,25021420302,1358,1104,761,246,655
2842,25021421100,967,394,799,343,339
2985,25021421200,1580,439,463,269,234
3173,25021422100,1502,483,729,314,145
4468,25021422200,1927,865,829,452,395
1837,25021422301,791,353,340,182,171
4191,25021422302,2023,704,702,487,275
4089,25021422400,1635,600,1233,351,270
3048,25021422501,1218,578,687,380,185
3039,25021422502,1115,451,845,338,290
3998,25021422600,1831,587,781,348,451
2077,25021422700,862,400,422,184,209
2292,25021422800,1186,269,515,167,155
4025,25021423100,2482,329,894,195,125
5218,25021440100,2440,717,1114,576,371
1644,25021441202,804,199,378,141,122
2114,25021441203,1039,137,569,190,179
2674,25021441204,1476,306,598,189,105
3025,25021442101,1664,400,662,122,177
4575,25021442102,2807,600,772,144,252
3956,25021442103,2067,385,1092,159,253
2469,25021442201,1454,280,393,154,188
4456,25021442202,2286,541,983,397,249
4489,25021443101,2151,618,856,305,559
5697,25021443102,2318,896,1298,530,655
2087,25021456101,966,415,467,111,128
2974,25021456102,911,809,613,216,425
2449,25021456200,1029,436,533,147,304
1037,25021456301,341,209,156,153,178
2922,25021456302,1264,595,514,107,442
1533,25021456401,655,288,277,103,210
3080,25021456402,1361,499,737,234,249
2497,25021457100,693,565,664,234,341
2954,25021457200,2079,184,473,130,88
2257,25023500101,1052,315,640,121,129
1081,25023500103,509,178,273,62,59
2606,25023500104,1019,402,682,277,226
1685,25023501101,1118,109,318,91,49
4392,25023501102,2777,424,980,78,133
1847,25023501201,1086,179,444,60,78
2971,25023501202,1982,238,494,116,141
3594,25023502101,1239,794,665,525,371
3117,25023502102,1301,635,743,187,251
2953,25023502200,1328,557,676,298,94
3820,25023503101,1789,494,1122,164,251
3802,25023503102,1686,526,886,412,292
2816,25023504101,1514,262,711,171,158
2815,25023504102,1690,280,556,167,122
3706,25023505101,1955,423,955,164,209
2618,25023505102,1539,328,545,112,94
3716,25023505200,1802,700,871,217,126
3846,25023506101,2046,499,788,160,353
2930,25023506102,1359,358,545,378,290
1327,25023506202,627,272,278,87,63
2698,25023506203,1186,591,603,189,129
2593,25023506204,889,469,699,301,235
2551,25023507101,1351,360,575,117,148
1992,25023507103,1194,175,457,103,63
2652,25023507104,1536,307,614,88,107
3894,25023508101,1805,449,964,350,326
2982,25023508102,1012,535,636,466,333
3480,25023508200,1864,385,629,262,340
3942,25023509101,1889,690,891,286,186
3083,25023509102,1218,612,554,491,208
2367,25023510100,576,341,665,235,550
3545,25023510200,1170,552,1002,358,463
1931,25023510300,404,778,163,94,492
1828,25023510400,373,670,255,118,412
1536,25023510501,442,385,305,112,292
2533,25023510502,619,872,616,104,322
1877,25023510503,414,524,545,169,225
1623,25023510600,681,331,304,91,216
3200,25023510700,1134,910,501,444,211
3493,25023510800,632,1341,654,239,627
716,25023510900,182,240,57,80,157
1460,25023511000,447,472,336,28,177
2984,25023511100,849,759,632,359,385
2455,25023511200,637,537,490,244,547
2437,25023511301,491,698,601,196,451
1397,25023511302,523,252,334,131,157
1969,25023511400,320,620,428,149,452
2539,25023511500,371,760,590,159,659
3490,25023511600,851,979,507,310,843
2358,25023511701,808,396,621,197,336
1211,25023511702,546,161,285,34,185
3861,25023520100,1862,566,767,453,213
2480,25023520201,857,699,529,269,126
3239,25023520202,1373,410,880,309,267
2553,25023521101,985,477,496,255,340
1801,25023521102,590,271,482,179,279
1983,25023521201,691,307,436,230,319
2187,25023521202,899,425,443,141,279
2713,25023522101,1069,484,443,395,322
3467,25023522102,1471,438,877,354,327
1886,25023523100,603,314,408,359,202
1714,25023523201,556,370,373,208,207
3897,25023523202,1642,625,963,428,239
1577,25023524101,646,170,391,194,176
2106,25023524102,780,360,501,239,226
4081,25023525101,1668,776,1075,200,362
3541,25023525104,1824,457,882,215,163
2504,25023525203,977,478,524,169,356
2562,25023525204,970,526,581,199,286
8,25023525300,8,0,0,0,0
4413,25023526100,1696,662,948,544,563
1976,25023530100,692,331,532,225,196
2144,25023530200,628,807,370,131,208
2326,25023530300,818,654,561,183,110
3189,25023530400,1192,563,903,315,216
2630,25023530500,1043,662,530,190,205
3126,25023530600,1343,535,636,332,280
2700,25023530700,1513,401,563,137,86
3156,25023530801,1290,611,637,381,237
2569,25023530802,960,579,506,292,232
5036,25023530901,1680,990,1269,615,482
2395,25023530902,1029,270,585,281,230
2152,25023540101,867,315,549,177,244
1421,25023540102,558,165,433,112,153
2678,25023540103,1192,495,594,180,217
2883,25023541100,1395,398,493,353,244
4658,25023542101,1553,650,1208,695,552
1407,25023542102,510,290,308,114,185
3293,25023542200,1390,615,691,280,317
4057,25023542300,1503,957,608,373,616
1517,25023543100,608,241,337,181,150
3074,25023544100,1139,508,707,297,423
2815,25023544200,921,322,835,430,307
3764,25023545100,1145,728,827,534,530
3428,25023545200,791,889,886,412,450
2011,25023545300,727,415,460,98,311
2506,25023545400,904,415,687,116,384
3324,25023560100,1766,596,491,310,161
2282,25023561100,1100,276,565,175,166
1829,25023561200,382,421,804,101,121
0,25023990003,0,0,0,0,0
3603,25025000100,1919,796,568,167,153
2987,25025000201,1736,483,566,82,120
2557,25025000202,1370,362,513,97,215
2076,25025000301,1241,309,326,81,119
2244,25025000302,1345,304,302,122,171
3918,25025000401,2550,489,531,115,233
2427,25025000402,1656,302,418,22,29
3143,25025000502,1813,514,717,78,21
1544,25025000503,1179,79,226,25,35
3038,25025000504,2199,312,465,0,62
2819,25025000601,1624,429,465,142,159
2448,25025000602,1374,567,291,78,138
3369,25025000701,2042,586,518,71,152
1322,25025000703,652,259,313,5,93
3105,25025000704,2276,350,423,34,22
4283,25025000802,2127,975,892,98,191
1998,25025000803,791,376,773,0,58
1438,25025010103,719,219,477,2,21
2896,25025010104,1725,416,669,21,65
3327,25025010203,2327,410,494,9,87
1992,25025010204,1110,311,524,43,4
2484,25025010300,821,728,856,17,62
1454,25025010403,996,158,234,15,51
2074,25025010404,959,298,685,11,121
2646,25025010405,1118,544,862,17,105
1053,25025010408,795,59,139,30,30
1628,25025010500,1187,173,222,21,25
1937,25025010600,1493,113,303,0,28
1767,25025010701,1179,184,383,10,11
1738,25025010702,1278,86,299,7,68
1859,25025010801,1444,63,310,7,35
2297,25025010802,1784,143,335,21,14
3183,25025020101,2696,87,327,28,45
2908,25025020200,2327,157,394,30,0
1350,25025020301,1084,80,178,0,8
745,25025020302,544,44,144,6,7
2564,25025020303,2046,119,342,0,57
1737,25025030100,1256,68,327,61,25
1327,25025030200,966,76,258,27,0
3305,25025030300,2456,115,543,71,120
1915,25025030400,1357,159,305,44,50
1908,25025030500,1297,133,441,22,15
1459,25025040100,1012,68,308,28,43
909,25025040200,472,159,199,27,52
3015,25025040300,1998,392,486,75,64
1715,25025040401,1020,155,451,20,69
2440,25025040600,1649,92,595,53,51
2340,25025040801,1350,364,422,87,117
2885,25025050101,893,826,462,324,380
3327,25025050200,669,1397,724,120,417
1212,25025050300,406,364,232,36,174
1609,25025050400,617,602,229,57,104
1323,25025050500,447,574,187,84,31
1756,25025050600,377,586,258,284,251
3414,25025050700,538,1746,163,431,536
2815,25025050901,439,1250,419,301,406
2559,25025051000,786,828,599,164,182
4435,25025051101,1024,1828,651,608,324
1982,25025051200,937,537,287,83,138
2710,25025060101,1830,178,549,120,33
1599,25025060200,994,94,377,40,94
2719,25025060301,1788,202,590,34,105
3892,25025060400,2810,295,664,71,52
3252,25025060501,2142,235,742,79,54
3316,25025060600,2401,200,580,19,116
790,25025060700,150,482,75,33,50
3499,25025060800,2506,35,807,40,111
1605,25025061000,746,411,267,68,113
874,25025061101,179,354,195,66,80
3648,25025061200,2658,230,636,52,72
4097,25025070101,2809,422,611,27,228
2272,25025070200,1053,744,443,0,32
3014,25025070300,2228,257,411,52,66
1342,25025070402,779,319,188,6,50
3435,25025070500,2177,581,476,0,201
1681,25025070600,1262,72,276,31,40
1638,25025070700,1261,139,171,57,10
2640,25025070800,1775,287,514,0,64
2010,25025070900,1216,246,454,43,51
2139,25025071101,1588,245,246,9,51
1594,25025071201,952,141,345,79,77
793,25025080100,263,273,193,6,58
1073,25025080300,249,297,383,28,116
1127,25025080401,449,237,228,65,148
1443,25025080500,376,548,249,14,256
1563,25025080601,651,390,422,4,96
1838,25025080801,542,578,534,48,136
2133,25025080900,1293,214,530,22,74
2455,25025081001,1085,772,460,62,76
2205,25025081100,1588,308,237,37,35
1422,25025081200,645,359,245,45,128
1963,25025081300,914,698,197,0,154
1778,25025081400,862,282,276,90,268
1234,25025081500,406,389,274,12,153
1697,25025081700,408,493,520,61,215
1371,25025081800,445,400,295,59,172
1737,25025081900,512,555,413,122,135
1463,25025082000,572,450,246,68,127
2538,25025082100,681,803,615,136,303
2263,25025090100,485,569,627,91,491
794,25025090200,163,241,153,96,141
1163,25025090300,229,484,248,111,91
2262,25025090400,666,474,451,251,420
1340,25025090600,331,413,331,69,196
2248,25025090700,1406,253,276,177,136
1649,25025090901,750,334,468,36,61
1807,25025091001,1199,171,291,39,107
3084,25025091100,1634,610,541,183,116
1917,25025091200,748,446,316,152,255
1373,25025091300,408,464,310,38,153
1562,25025091400,362,564,441,32,163
2379,25025091500,729,661,399,204,386
1671,25025091600,463,590,286,143,189
1614,25025091700,442,517,251,74,330
1654,25025091800,290,566,422,134,242
2020,25025091900,480,573,469,249,249
2820,25025092000,772,867,630,129,422
4124,25025092101,842,1468,772,338,704
1975,25025092200,730,529,420,177,119
1708,25025092300,548,515,322,75,248
2690,25025092400,493,976,663,149,409
2996,25025100100,802,921,670,132,471
1491,25025100200,339,624,295,33,200
2121,25025100300,572,805,441,99,204
2941,25025100400,734,923,824,237,223
3108,25025100500,1398,845,549,85,231
3728,25025100601,1499,584,1138,249,258
1400,25025100603,625,311,299,82,83
2357,25025100700,1079,533,466,249,30
3859,25025100800,2081,634,678,194,272
2426,25025100900,860,777,406,124,259
3039,25025101001,797,984,699,167,392
3200,25025101002,1190,626,946,165,273
1620,25025101101,492,611,324,55,138
2586,25025101102,573,838,638,94,443
3902,25025110103,1860,950,761,52,279
1178,25025110201,346,307,276,85,164
1587,25025110301,664,358,358,84,123
1905,25025110401,806,419,416,117,147
2861,25025110403,1670,458,619,53,61
2211,25025110501,1216,319,460,125,91
2971,25025110502,1400,661,515,175,220
1347,25025110601,1000,145,155,21,26
3398,25025110607,2006,552,605,86,149
1153,25025120103,995,69,67,0,22
1516,25025120104,1122,112,230,22,30
1311,25025120105,978,89,186,58,0
2586,25025120201,1868,239,315,78,86
3529,25025120301,1997,772,562,16,182
3996,25025120400,2973,473,313,155,82
1775,25025120500,1010,340,324,35,66
2008,25025120600,1338,332,278,24,36
1498,25025120700,1042,149,203,47,57
4187,25025130100,2474,613,775,138,187
2773,25025130200,1726,286,459,227,75
2426,25025130300,1597,244,296,136,153
2580,25025130402,1316,472,429,199,164
1909,25025130404,741,388,407,107,266
2966,25025130406,1063,607,804,134,358
2994,25025140102,1272,751,675,95,201
2445,25025140105,930,594,388,156,377
1027,25025140106,321,412,181,42,71
1583,25025140107,703,363,386,37,94
1481,25025140201,508,393,269,146,165
3793,25025140202,1340,728,874,414,437
3444,25025140300,1286,783,705,239,431
4474,25025140400,1326,1212,1042,185,709
4419,25025160101,1055,1495,549,522,798
1960,25025160200,352,612,180,228,588
1226,25025160300,579,276,191,65,115
2066,25025160400,524,570,393,192,387
3270,25025160501,643,1143,671,165,648
2541,25025160502,570,769,466,269,467
2406,25025160601,554,667,438,290,457
2798,25025160602,739,788,392,228,651
3911,25025170100,951,1162,601,599,598
2190,25025170200,607,668,436,256,223
4937,25025170300,1652,1271,982,508,524
2574,25025170400,673,738,568,192,403
2293,25025170501,759,784,365,132,253
1135,25025170502,423,256,272,77,107
3185,25025170601,786,1076,617,329,377
1181,25025170701,358,403,220,80,120
3412,25025170702,748,1163,495,447,559
3074,25025170800,716,1160,527,276,395
2875,25025180101,1136,609,905,125,100
2496,25025180200,1086,306,746,139,219
1495,25025180301,804,230,377,35,49
1210,25025180400,527,181,360,41,101
2617,25025180500,903,494,704,280,236
88,25025980101,2,14,6,29,37
34,25025980300,0,0,0,0,34
0,25025980700,0,0,0,0,0
0,25025981000,0,0,0,0,0
134,25025981100,98,14,5,4,13
0,25025981201,0,0,0,0,0
52,25025981202,16,36,0,0,0
336,25025981300,241,35,33,21,6
0,25025981501,0,0,0,0,0
0,25025981502,0,0,0,0,0
0,25025981600,0,0,0,0,0
0,25025981700,0,0,0,0,0
17,25025981800,13,0,4,0,0
67,25025990101,14,12,0,23,18
