geoid,SES 2010,SES 2019 (Predicted),SES 2019,SES 2028 (Predicted),SES 2010 Percentile,SES 2019 Percentile,SES 2028 Percentile,SES Ascent 2010-2019,SES Ascent 2010-2019 (Predicted),SES Ascent 2019-2028 (Predicted),SES Percentile Ascent 2010-2019,SES Percentile Ascent 2019-2028,Score Divergence,Ascent Divergence
25025000100,-1.1512476708362267,0.5264761878412996,0.901570062922036,2.248656247034803,32.75058275058275,66.15566037735849,61.33333333333333,2.0528177337582627,1.6777238586775263,1.3470861841127668,33.405077626775736,-4.822327044025158,-0.375093875080736,-0.375093875080736
25025000201,0.1422750334036376,1.3895451560532561,1.3698409469940886,2.6364791140691954,74.12587412587412,73.46698113207547,70.0,1.227565913590451,1.2472701226496186,1.2666381670751068,-0.658892993798645,-3.4669811320754746,0.019704209059167,0.019704209059167
25025000202,-0.3552217536567285,0.9055405956676222,0.8812602607881311,1.8769335658854958,61.77156177156176,65.68396226415094,56.666666666666664,1.2364820144448596,1.2607623493243507,0.9956733050973646,3.912400492589171,-9.01729559748427,0.024280334879491,0.024280334879491
25025000301,0.2979919466802471,1.6747424819566192,1.6646338460494132,2.852489436566854,76.8065268065268,77.7122641509434,72.0,1.366641899369166,1.376750535276372,1.187855590517441,0.9057373444165931,-5.712264150943398,0.010108635907206,0.010108635907206
25025000302,0.2154029590607027,1.4185711669529972,1.353576125270738,2.554670002970255,75.17482517482517,73.11320754716981,67.33333333333333,1.1381731662100352,1.2031682078922945,1.201093877699517,-2.061617627655366,-5.779874213836479,0.064995041682259,0.064995041682259
25025000401,-0.2789761093754695,1.0456327831657632,0.9889974634880698,2.3587106454561253,63.4032634032634,68.27830188679245,66.0,1.2679735728635393,1.3246088925412327,1.3697131819680552,4.875038483529046,-2.2783018867924483,0.056635319677693,0.056635319677693
25025000402,0.2670496969811999,1.5713340071241744,1.6760042836804403,3.1174455427593983,75.990675990676,77.83018867924528,75.33333333333333,1.4089545866992403,1.3042843101429744,1.4414412590789578,1.839512688569286,-2.4968553459119533,-0.104670276556266,-0.104670276556266
25025000502,0.2925630589447732,1.1966674170314824,0.9694331876209512,2.283255561264209,76.68997668997669,68.04245283018868,62.66666666666667,0.676870128676178,0.9041043580867092,1.3138223736432577,-8.64752385978801,-5.375786163522008,0.227234229410531,0.227234229410531
25025000503,-0.0304895391703116,1.1002020527979413,0.9894184497369062,2.1381933212410864,70.3962703962704,68.39622641509435,59.333333333333336,1.0199079889072178,1.1306915919682528,1.1487748715041801,-2.0000439811760486,-9.062893081761011,0.110783603061035,0.110783603061035
25025000504,-0.1694641781488879,0.8517479645795214,0.7555507563568794,2.041402421266476,66.78321678321679,63.20754716981132,58.666666666666664,0.9250149345057674,1.0212121427284093,1.2858516649095966,-3.5756696134054664,-4.540880503144656,0.096197208222642,0.096197208222642
25025000601,-0.0635382515956063,0.7198528149680065,0.4095723445301036,1.4556422843467787,69.11421911421911,55.3066037735849,48.66666666666667,0.47311059612571,0.7833910665636128,1.046069939816675,-13.807615340634207,-6.639937106918225,0.310280470437903,0.310280470437903
25025000701,-0.5628198963873494,0.7176893132992117,0.7401116367910557,2.0258578075451026,53.96270396270396,62.735849056603776,57.99999999999999,1.302931533178405,1.2805092096865611,1.285746170754047,8.773145093899814,-4.735849056603783,-0.022422323491844,-0.022422323491844
25025000704,-0.8434773342724899,0.6774775229509113,0.9384535001603438,2.3214828580128275,42.65734265734265,67.21698113207547,64.66666666666666,1.7819308344328335,1.5209548572234013,1.3830293578524835,24.55963847473282,-2.5503144654088175,-0.260975977209432,-0.260975977209432
25025000802,-0.6884887105131762,0.6940091311940436,0.7219428043763743,2.161588173038143,48.48484848484848,62.5,60.0,1.4104315148895503,1.3824978417072198,1.439645368661769,14.015151515151516,-2.5,-0.027933673182331,-0.027933673182331
25025010103,-1.0566936444147113,0.19699424277227262,0.0689032047877882,1.217626696527494,35.66433566433567,46.81603773584906,46.666666666666664,1.1255968492024997,1.2536878871869839,1.1487234917397058,11.151702071513393,-0.1493710691823935,0.128091037984484,0.128091037984484
25025010104,0.0322688625348767,1.8430523488398785,2.0430938497058087,3.6063349890614127,72.02797202797203,81.13207547169812,80.0,2.010824987170932,1.8107834863050019,1.5632411393556038,9.104103443726087,-1.1320754716981156,-0.200041500865930,-0.200041500865930
25025010203,0.3798964078761963,1.3040411157124576,0.9185676785076168,2.629281889416439,78.32167832167832,66.39150943396226,69.33333333333334,0.5386712706314206,0.9241447078362612,1.7107142109088223,-11.930168887716064,2.9418238993710872,0.385473437204841,0.385473437204841
25025010204,0.6817303009347069,2.158028597156265,0.7996882832186432,2.231705721286585,81.93473193473193,64.38679245283019,60.66666666666667,0.1179579822839362,1.4762982962215583,1.432017438067942,-17.547939481901736,-3.7201257861635213,1.358340313937622,1.358340313937622
25025010300,-1.1887632880342136,0.027082237245386276,0.1239958516196559,1.1238285196546356,31.002331002331,48.2311320754717,44.666666666666664,1.3127591396538696,1.2158455252795999,0.9998326680349797,17.228801073140698,-3.5644654088050345,-0.096913614374270,-0.096913614374270
25025010404,-0.1839300699412776,1.3367925631100084,0.5592331718360901,1.9742278352117584,66.08391608391608,59.43396226415094,57.333333333333336,0.7431632417773677,1.520722633051286,1.4149946633756683,-6.6499538197651376,-2.1006289308176065,0.777559391273918,0.777559391273918
25025010405,-1.9593102160993765,-0.9086043699134005,-0.9987345501118308,0.20943678417101896,7.575757575757576,19.45754716981132,33.33333333333333,0.9605756659875456,1.050705846185976,1.2081713342828497,11.881789594053744,13.875786163522008,0.090130180198430,0.090130180198430
25025010408,0.5218427753808015,1.9347625785464284,1.7774831749742226,3.29979330941926,80.41958041958041,78.89150943396226,76.66666666666667,1.255640399593421,1.412919803165627,1.5223101344450376,-1.5280709856181574,-2.224842767295584,0.157279403572206,0.157279403572206
25025010701,2.834351012241803,4.753561583171258,3.569549849268876,5.251883510750325,98.83449883449885,93.86792452830188,94.66666666666667,0.735198837027073,1.9192105709294551,1.6823336614814486,-4.9665743061969465,0.798742138364787,1.184011733902382,1.184011733902382
25025010702,2.6260179190864075,4.577654502411101,4.678798227551064,6.463746215518813,98.6013986013986,98.3490566037736,99.33333333333333,2.0527803084646563,1.9516365833246934,1.784947987967749,-0.2523419976250096,0.9842767295597241,-0.101143725139963,-0.101143725139963
25025010802,2.294979364276676,4.067208440857696,4.031598089382576,5.873049569870171,96.73659673659674,95.6367924528302,96.66666666666667,1.7366187251058998,1.7722290765810202,1.8414514804875943,-1.0998042837665452,1.0298742138364645,0.035610351475120,0.035610351475120
25025020101,2.442838592712401,4.340160886076118,4.495364186587764,6.389874478079344,97.43589743589745,97.75943396226415,98.66666666666667,2.0525255938753637,1.8973222933637177,1.8945102914915801,0.3235365263667233,0.9072327044025172,-0.155203300511646,-0.155203300511646
25025020200,1.093397188986125,2.6516128898906626,2.4602007685712173,4.362609102661282,88.34498834498834,86.20283018867924,89.33333333333333,1.3668035795850924,1.5582157009045379,1.9024083340900646,-2.142158156309094,3.130503144654085,0.191412121319445,0.191412121319446
25025020301,1.1124639227485933,2.434063914796055,2.480939703433632,4.141451257623023,88.6946386946387,86.43867924528303,87.33333333333333,1.3684757806850387,1.3215999920474615,1.6605115541893916,-2.255959449355672,0.8946540880503022,-0.046875788637577,-0.046875788637577
25025020302,1.6578120132409864,3.7581754349144774,3.9779524712054855,5.897358331068016,93.006993006993,95.28301886792453,97.33333333333334,2.320140457964499,2.100363421673491,1.9194058598625305,2.276025860931512,2.0503144654088175,-0.219777036291008,-0.219777036291008
25025020303,1.42135860643826,3.0653346938549317,2.909157354187274,4.733578610827806,91.4918414918415,90.68396226415094,91.33333333333333,1.4877987477490142,1.643976087416672,1.8244212566405313,-0.8078792276905631,0.6493710691823935,0.156177339667658,0.156177339667658
25025030100,-0.1867090711600415,1.6144769354589952,1.6568479380902752,3.591055820303815,65.96736596736596,77.59433962264151,79.33333333333333,1.8435570092503168,1.8011860066190366,1.9342078822135398,11.626973655275547,1.7389937106918154,-0.042371002631280,-0.042371002631280
25025030200,-0.3217143905972665,1.1795506317610633,1.190965804693258,2.8898931860479617,62.58741258741259,71.4622641509434,73.33333333333333,1.5126801952905242,1.50126502235833,1.6989273813547034,8.874851563530811,1.871069182389931,-0.011415172932195,-0.011415172932194
25025030300,2.2138976725321453,4.1975774266756885,4.308637623411314,5.992187251657585,96.15384615384616,97.40566037735849,98.0,2.0947399508791684,1.9836797541435434,1.6835496282462707,1.2518142235123264,0.5943396226415132,-0.111060196735625,-0.111060196735625
25025030400,0.6866026854098061,2.420045661417551,2.0906043126618705,3.8299044292285855,82.05128205128204,82.19339622641509,85.33333333333334,1.4040016272520646,1.7334429760077448,1.739300116566715,0.1421141751330452,3.1399371069182536,0.329441348755680,0.329441348755680
25025030500,1.194335168229041,2.8456099273080264,2.7457570181860103,4.5282147259758645,89.5104895104895,89.62264150943396,90.0,1.5514218499569692,1.6512747590789851,1.7824577077898545,0.112151998944455,0.37735849056603854,0.099852909122016,0.099852909122016
25025040200,-0.1909818648683017,1.2789140308709557,1.3036538463241305,2.942822143345345,65.73426573426573,72.52358490566037,74.0,1.494635711192432,1.4698958957392574,1.6391682970212145,6.789319171394638,1.4764150943396288,-0.024739815453175,-0.024739815453175
25025040300,0.4023799322062517,2.228822756982738,2.3702452892386106,4.245242722170645,78.9044289044289,85.14150943396226,88.66666666666667,1.967865357032359,1.8264428247764863,1.874997432932035,6.237080529533358,3.525157232704416,-0.141422532255873,-0.141422532255873
25025040401,-0.2376050993355972,1.8385643565313827,2.219509990625601,3.7892741702324226,64.91841491841492,83.25471698113208,84.66666666666667,2.457115089961199,2.07616945586698,1.5697641796068216,18.336302062717152,1.4119496855345943,-0.380945634094218,-0.380945634094219
25025040600,0.2249967260208156,2.580399538497549,2.8404053709005117,4.819819736782269,75.4079254079254,89.97641509433963,92.0,2.615408644879696,2.3554028124767337,1.979414365881757,14.568489686414225,2.023584905660371,-0.260005832402963,-0.260005832402962
25025040801,-1.104330531585421,0.31334142481198013,0.3390502359039413,1.8292067481147636,33.91608391608392,54.59905660377359,55.333333333333336,1.4433807674893624,1.4176719563974012,1.4901565122108222,20.68297268768967,0.7342767295597454,-0.025708811091961,-0.025708811091961
25025050101,-1.801803000783179,-0.6276088347464315,-1.0624919530214838,-0.1889164804411354,10.48951048951049,18.04245283018868,24.666666666666668,0.7393110477616951,1.1741941660367474,0.8735754725803484,7.552942340678189,6.624213836477988,0.434883118275052,0.434883118275052
25025050200,-1.8269645363290896,-0.8426596100115938,-0.80534398260992,0.2535054339333871,10.023310023310025,25.117924528301888,34.0,1.0216205537191696,0.9843049263174958,1.058849416543307,15.094614504991863,8.882075471698112,-0.037315627401674,-0.037315627401674
25025050400,-1.7656041633524315,-0.39795610477324295,-0.2179766589848475,1.2138297438978276,11.421911421911425,39.50471698113208,46.0,1.547627504367584,1.3676480585791886,1.4318064028826751,28.08280555922065,6.495283018867923,-0.179979445788395,-0.179979445788395
25025050500,-1.868970221423236,-0.6399933771260109,-0.5885965457725993,0.6408341077135012,9.090909090909092,30.306603773584907,38.666666666666664,1.2803736756506363,1.228976844297225,1.2294306534861006,21.215694682675817,8.360062893081757,-0.051396831353412,-0.051396831353411
25025050600,-2.177728405078981,-0.7620839772897257,-0.4711537622132019,0.8615171818730765,4.545454545454546,33.9622641509434,41.333333333333336,1.706574642865779,1.4156444277892555,1.3326709440862783,29.41680960548885,7.371069182389938,-0.290930215076524,-0.290930215076524
25025050700,-1.6167189553827457,-0.47549670501802566,-0.4536060793653335,0.7259406922360535,16.8997668997669,34.66981132075472,40.0,1.163112876017412,1.14122225036472,1.179546771601387,17.77004442098782,5.330188679245282,-0.021890625652692,-0.021890625652692
25025050901,-1.9657786935342003,-1.0463899446649574,-1.167580628792347,-0.17223714874503493,7.226107226107226,15.212264150943398,26.0,0.7981980647418536,0.9193887488692428,0.995343480047312,7.9861569248361715,10.787735849056602,0.121190684127390,0.121190684127389
25025051000,-1.7612041711053328,-0.9077408065941903,-0.8767748776407784,-0.015735304945714512,11.655011655011654,23.2311320754717,28.000000000000004,0.8844292934645543,0.8534633645111425,0.8610395726950639,11.576120420460043,4.768867924528305,-0.030965928953412,-0.030965928953412
25025051101,-1.3734536297304685,-0.4883114782553031,-0.5220401477535941,0.3900167957312709,25.058275058275058,32.78301886792453,34.66666666666667,0.8514134819768744,0.8851421514751654,0.912056943484865,7.724743809649475,1.883647798742139,0.033728669498291,0.033728669498291
25025051200,-1.5876247605588487,-0.22425851515170536,0.0761461024003482,1.4023508157966922,17.715617715617714,47.16981132075472,48.0,1.663770862959197,1.3633662454071434,1.326204713396344,29.454193605137004,0.830188679245282,-0.300404617552054,-0.300404617552054
25025060101,-0.6511402504362511,1.884028971599275,2.395886802230057,4.079916724870019,49.76689976689977,85.73113207547169,86.66666666666667,3.047027052666308,2.535169222035526,1.684029922639962,35.96423230857192,0.9355345911949797,-0.511857830630782,-0.511857830630782
25025060200,-0.0438041861789041,1.817438985680698,2.046522347383191,4.226209403707542,70.16317016317016,81.25,88.0,2.090326533562095,1.861243171859602,2.179687056324351,11.086829836829835,6.75,-0.229083361702493,-0.229083361702493
25025060301,-0.2109636100823257,1.9782805440764635,2.238563558968284,4.003465056169459,65.5011655011655,83.49056603773585,86.0,2.4495271690506097,2.1892441541587893,1.7649014972011747,17.989400536570344,2.509433962264154,-0.260283014891821,-0.260283014891820
25025060400,-0.3400770178947707,1.7443023232445773,1.8687953516417768,3.68040309763553,62.004662004662,79.71698113207547,82.0,2.208872369536548,2.084379341139348,1.8116077459937534,17.712319127413473,2.2830188679245254,-0.124493028397199,-0.124493028397200
25025060501,-0.0439655007057033,1.883307118746179,1.679782198750551,3.7464789040314583,70.04662004662005,77.94811320754717,84.0,1.7237476994562544,1.9272726194518823,2.0666967052809073,7.901493160927117,6.051886792452834,0.203524919995628,0.203524919995628
25025060800,-0.6115215032830725,1.4707833514687774,1.7164873805977667,3.7146406870760202,51.39860139860139,78.18396226415094,83.33333333333334,2.3280088838808397,2.08230485475185,1.9981533064782535,26.785360865549546,5.149371069182408,-0.245704029128989,-0.245704029128990
25025061000,-1.8845732649637967,-0.7390944062110878,-0.5696395600919864,0.47645521783235534,8.741258741258742,30.77830188679245,36.0,1.3149337048718108,1.145478858752709,1.0460947779243417,22.03704314553371,5.221698113207552,-0.169454846119101,-0.169454846119102
25025061200,-0.1447604135021662,2.604829134188861,3.063608075539064,5.025901363176351,67.36596736596736,91.15566037735849,92.66666666666666,3.2083684890412303,2.749589547691027,1.9622932876372878,23.78969301139112,1.5110062893081704,-0.458778941350203,-0.458778941350203
25025070101,0.9622630041085696,3.150286627141966,3.389339539236304,5.251186692155198,86.48018648018649,92.9245283018868,94.0,2.427076535127734,2.1880236230333963,1.8618471529188936,6.444341821700306,1.0754716981132049,-0.239052912094338,-0.239052912094338
25025070200,-1.6966087049819552,-0.27822835934864454,-0.1625675319705013,1.2830724356506034,13.053613053613052,41.27358490566038,47.333333333333336,1.5340411730114538,1.4183803456333106,1.4456399676211047,28.21997185204733,6.059748427672957,-0.115660827378143,-0.115660827378143
25025070300,1.7603328338206667,3.446773675678929,3.2766809239872576,5.239695966525042,94.17249417249415,92.33490566037736,93.33333333333333,1.516348090166591,1.6864408418582622,1.963015042537785,-1.8375885121168096,0.9984276729559696,0.170092751691671,0.170092751691671
25025070500,0.7841732695859434,2.136696082894299,1.8348261600971152,3.6790458485124993,83.7995337995338,79.48113207547169,81.33333333333333,1.0506528905111718,1.3525228133083558,1.844219688415384,-4.318401724062113,1.852201257861637,0.301869922797184,0.301869922797184
25025070600,1.516065070594201,4.272322323027682,4.773907798370438,6.737341971908625,92.07459207459208,98.70283018867924,100.0,3.2578427277762367,2.756257252433481,1.9634341735381873,6.628238114087168,1.2971698113207566,-0.501585475342756,-0.501585475342756
25025070700,0.6875415799219027,3.23289495589034,3.718858959373331,5.587835511943968,82.16783216783216,94.45754716981132,95.33333333333334,3.031317379451428,2.5453533759684372,1.868976552570637,12.28971500197916,0.8757861635220223,-0.485964003482991,-0.485964003482991
25025070800,0.1275662706989477,2.0204120455985852,2.560180141956512,4.552432562652971,73.65967365967366,87.26415094339622,90.66666666666666,2.432613871257564,1.8928457748996377,1.992252420696459,13.60447728372256,3.40251572327044,-0.539768096357927,-0.539768096357926
25025070900,-0.6350479256067015,1.293715115310337,1.394970038843856,3.0978895743107824,50.11655011655012,73.58490566037736,74.66666666666667,2.0300179644505576,1.9287630409170384,1.7029195354669266,23.468355543827244,1.0817610062893124,-0.101254923533519,-0.101254923533519
25025071101,-0.5613512132153987,1.3530841903684632,1.4287890282228288,3.450939283680179,54.07925407925408,74.1745283018868,78.0,1.9901402414382277,1.9144354035838618,2.02215025545735,20.09527422263272,3.825471698113205,-0.075704837854366,-0.075704837854366
25025071201,-0.7199820458055595,0.4970080947984099,0.2706653690475112,1.7648909558756525,47.43589743589743,52.358490566037744,54.0,0.9906474148530706,1.2169901406039694,1.4942255868281413,4.922593130140314,1.6415094339622556,0.226342725750899,0.226342725750899
25025080100,-1.63830617214607,-0.8791001463252316,-1.1269401318557413,-0.3112361259109775,16.083916083916083,16.50943396226415,20.0,0.5113660402903286,0.7592060258208385,0.8157040059447638,0.4255178783480673,3.4905660377358494,0.247839985530510,0.247839985530510
25025080300,-2.0829390624871507,-1.6036754895697751,-1.7319141586519375,-1.361116490149796,5.594405594405594,5.660377358490567,0.6666666666666667,0.3510249038352131,0.4792635729173755,0.3707976685021415,0.0659717640849724,-4.9937106918239,0.128238669082162,0.128238669082162
25025080401,-2.55741612081531,-2.0683907713176177,-1.275680582303719,-0.5125322034358913,1.282051282051282,12.735849056603774,15.333333333333332,1.2817355385115912,0.48902534949769216,0.7631483788678276,11.453797774552491,2.597484276729558,-0.792710189013899,-0.792710189013899
25025080500,-2.9024675105453244,-1.8432140553766947,-1.561863485158166,-0.7836787484429283,0.2331002331002331,8.254716981132075,9.333333333333334,1.3406040253871585,1.0592534551686297,0.7781847367152378,8.021616748031843,1.0786163522012586,-0.281350570218529,-0.281350570218529
25025080601,-2.29010990284083,-1.5933066835494505,-1.835998393683805,-0.7920337779849242,3.4965034965034967,4.363207547169811,8.666666666666668,0.4541115091570249,0.6968032192913794,1.0439646156988807,0.8667040506663142,4.303459119496857,0.242691710134354,0.242691710134355
25025080900,0.4048885218698497,1.4271105903589003,1.061852527828818,2.5573608155756617,79.02097902097903,69.81132075471697,68.0,0.6569640059589683,1.0222220684890506,1.4955082877468437,-9.209658266262052,-1.8113207547169736,0.365258062530082,0.365258062530082
25025081100,-0.9416636904364992,0.5050343232292382,0.551802604685392,1.864590456644394,39.39393939393939,59.08018867924528,56.00000000000001,1.493466295121891,1.4466980136657375,1.312787851959002,19.68624928530589,-3.080188679245275,-0.046768281456154,-0.046768281456154
25025081200,-1.7939299603784078,-0.9452883356286018,-0.8946042984597058,-0.014146429571359365,10.839160839160838,22.05188679245283,28.666666666666668,0.899325661918702,0.848641624749806,0.8804578688883464,11.212725953291992,6.614779874213838,-0.050684037168896,-0.050684037168896
25025081300,-2.2096969115482428,-1.5828701213693535,-1.5558195981628955,-0.8427469590815847,4.07925407925408,8.372641509433961,7.333333333333333,0.6538773133853473,0.6268267901788894,0.7130726390813108,4.293387430179882,-1.0393081761006284,-0.027050523206458,-0.027050523206458
25025081400,-0.3886742228539573,0.3193790950121392,-0.1159151904074975,1.0135248928235459,60.60606060606061,42.9245283018868,44.0,0.2727590324464597,0.7080533178660965,1.1294400832310434,-17.681532304173814,1.0754716981131978,0.435294285419637,0.435294285419637
25025081500,-1.567470213607452,-1.1055506902633743,-1.2612142764668282,-0.7598413596725117,18.181818181818183,13.089622641509436,10.666666666666668,0.3062559371406237,0.46191952334407776,0.5013729167943165,-5.092195540308747,-2.4229559748427683,0.155663586203454,0.155663586203454
25025081700,-1.7505894636445267,-1.2379315316293888,-1.359767541467188,-0.8142803578493729,12.004662004662006,11.79245283018868,8.0,0.3908219221773388,0.5126579320151379,0.545487183617815,-0.2122091744733261,-3.7924528301886795,0.121836009837799,0.121836009837799
25025081800,-1.6178706734383588,-1.354961351115303,-1.53766765944451,-1.118411241119928,16.783216783216783,8.962264150943396,4.0,0.0802030139938487,0.26290932232305586,0.41925641832458205,-7.8209526322733876,-4.962264150943396,0.182706308329207,0.182706308329207
25025081900,-1.6028383803383195,-0.9280268685427024,-0.9579459294506448,-0.20619094401712001,17.24941724941725,20.400943396226413,24.0,0.6448924508876746,0.674811511795617,0.7517549854335248,3.1515261468091644,3.5990566037735867,0.029919060907942,0.029919060907942
25025082000,-1.2126828946847366,-0.5193417445004908,-0.8068970516261185,-0.34009168887690755,30.186480186480185,25.0,18.666666666666668,0.4057858430586181,0.6933411501842458,0.4668053627492109,-5.1864801864801855,-6.333333333333332,0.287555307125628,0.287555307125628
25025082100,-1.751039821347439,-1.234309222132473,-1.3072555142225482,-0.7422913234081698,11.888111888111888,12.5,11.333333333333332,0.4437843071248908,0.516730599214966,0.5649641908143783,0.6118881118881117,-1.1666666666666679,0.072946292090075,0.072946292090075
25025090100,-1.7462066621430372,-1.4143924837646167,-1.5481474043436267,-1.0682631686718262,12.12121212121212,8.608490566037736,5.333333333333334,0.1980592577994104,0.3318141783784206,0.47988423567180055,-3.5127215551743856,-3.2751572327044016,0.133754920579010,0.133754920579010
25025090200,-2.068631330892241,-1.403637017231382,-1.5762626044133576,-1.1898373733953644,5.827505827505827,8.018867924528301,1.3333333333333335,0.4923687264788834,0.664994313660859,0.38642523101799325,2.1913620970224743,-6.685534591194967,0.172625587181976,0.172625587181976
25025090300,-1.6517633971886814,-1.3056399724370962,-1.4794547351542169,-1.0141391419856425,14.918414918414918,10.023584905660378,6.0,0.1723086620344645,0.34612342475158514,0.4653155931685743,-4.894830012754539,-4.023584905660378,0.173814762717121,0.173814762717121
25025090400,-2.052324528730034,-1.574384128756341,-1.6326243424559532,-1.111687024821033,6.0606060606060606,7.075471698113208,4.666666666666667,0.4197001862740808,0.4779403999736931,0.52093731763492,1.014865637507147,-2.4088050314465415,0.058240213699612,0.058240213699612
25025090600,-1.41756283351142,-1.0751535965957755,-1.2210078191217868,-0.7730427877138063,23.89277389277389,14.150943396226417,10.0,0.196555014389633,0.3424092369156447,0.4479650314079805,-9.741830496547475,-4.150943396226417,0.145854222526011,0.145854222526012
25025090700,-1.2381547443983214,-0.01068121183518489,0.1760853896277046,1.4997552148187965,29.13752913752914,49.88207547169811,49.333333333333336,1.414240134026026,1.2274735325631365,1.3236698251910919,20.74454633416897,-0.5487421383647728,-0.186766601462889,-0.186766601462889
25025091001,-0.6151595265006816,0.6291007602286086,0.852955631404954,2.3475522046869113,51.16550116550117,65.44811320754717,65.33333333333333,1.4681151579056355,1.2442602867292902,1.4945965732819573,14.282612042045995,-0.11477987421383773,-0.223854871176345,-0.223854871176345
25025091100,-0.9172839498008608,0.24066828030973897,0.3279660197202299,1.5724634937287407,40.0932400932401,54.12735849056604,50.0,1.2452499695210908,1.1579522301105998,1.2444974740085109,14.03411839732594,-4.1273584905660385,-0.087297739410491,-0.087297739410491
25025091200,-1.4391900441398726,-0.7416914641574471,-0.1877341446676565,0.9111163878663341,23.07692307692308,40.56603773584906,42.66666666666667,1.251455899472216,0.6974985799824255,1.0988505325339906,17.48911465892598,2.1006289308176136,-0.553957319489791,-0.553957319489791
25025091300,-1.4259732533870153,-0.9682191432229237,-1.1934282157663856,-0.6421391507117438,23.310023310023308,14.504716981132075,13.333333333333334,0.2325450376206297,0.45775411016409157,0.5512890650546418,-8.80530632889123,-1.1713836477987414,0.225209072543462,0.225209072543462
25025091400,-1.964035557406988,-1.3894111931069637,-1.542990931939617,-1.1706225984791148,7.459207459207459,8.726415094339622,2.666666666666667,0.4210446254673712,0.5746243643000245,0.3723683334605021,1.2672076351321628,-6.059748427672955,0.153579738832653,0.153579738832653
25025091500,-1.525436627622208,-0.8641498362790793,-0.5974273282316747,0.06724489129692024,19.58041958041958,30.18867924528302,30.666666666666664,0.9280092993905332,0.6612867913431287,0.6646722195285949,10.60825966486344,0.47798742138364503,-0.266722508047405,-0.266722508047404
25025091600,-1.6348530310417573,-0.984511862574192,-1.0661050042152305,-0.38244498370412483,16.200466200466202,17.92452830188679,16.666666666666664,0.5687480268265268,0.6503411684675653,0.6836600205111056,1.7240621014205892,-1.2578616352201273,0.081593141641038,0.081593141641038
25025091700,-1.605446924804403,-0.8681195070765173,-0.8822488412535457,-0.27315202863716925,17.132867132867133,22.87735849056604,22.0,0.7231980835508572,0.7373274177278857,0.6090968126163765,5.744491357698905,-0.8773584905660385,0.014129334177028,0.014129334177028
25025091800,-1.7971878956235068,-1.4171242636203845,-1.528553286190117,-0.9799460271475205,10.606060606060606,9.316037735849056,6.666666666666667,0.2686346094333898,0.38006363200312226,0.5486072590425964,-1.2900228702115497,-2.649371069182389,0.111429022569733,0.111429022569732
25025091900,-1.6867613561240495,-1.1511011897831507,-1.1199105080124263,-0.7319681192596563,13.403263403263404,16.86320754716981,12.666666666666668,0.5668508481116232,0.5356601663408987,0.38794238875276993,3.459944143906407,-4.196540880503143,-0.031190681770724,-0.031190681770724
25025092000,-1.4889259984044356,-0.8052594477862497,-0.8797962599676208,-0.21986603476602262,20.862470862470865,23.11320754716981,23.333333333333332,0.6091297384368148,0.6836665506181859,0.6599302252015982,2.2507366846989463,0.2201257861635213,0.074536812181371,0.074536812181371
25025092101,-1.4693257969532436,-0.6097891751159489,-0.6243305720145588,0.4909086123551619,21.67832167832168,29.245283018867923,37.333333333333336,0.8449952249386848,0.8595366218372947,1.1152391843697207,7.566961340546246,8.088050314465413,0.014541396898610,0.014541396898610
25025092200,-0.7010394336829479,0.2608347402819907,0.0496879448407961,0.9666590705266835,48.01864801864802,46.4622641509434,43.333333333333336,0.750727378523744,0.9618741739649386,0.9169711256858875,-1.556383867704625,-3.128930817610062,0.211146795441195,0.211146795441195
25025092300,-1.494303782554307,-0.8535942843243275,-0.859430507397355,-0.28918262950078655,20.62937062937063,23.702830188679243,20.666666666666668,0.634873275156952,0.6407094982299796,0.5702478778965685,3.0734595593086134,-3.0361635220125756,0.005836223073028,0.005836223073028
25025092400,-1.949436547931085,-1.5679325691816581,-1.6505447658422518,-1.1824418579846365,7.6923076923076925,6.721698113207547,2.0,0.2988917820888328,0.3815039787494267,0.46810290785761527,-0.9706095791001452,-4.721698113207547,0.082612196660594,0.082612196660594
25025100100,-2.304035141112569,-1.7625021496015236,-1.7130650924503643,-1.1351417627829825,2.913752913752913,5.89622641509434,3.3333333333333335,0.5909700486622045,0.5415329915110454,0.5779233296673817,2.9824735013414263,-2.5628930817610063,-0.049437057151159,-0.049437057151159
25025100200,-1.7933154856044182,-1.183300468100542,-1.1292432413959264,-0.5196503268502217,10.955710955710956,16.391509433962266,14.666666666666666,0.6640722442084919,0.6100150175038763,0.6095929145457046,5.435798478251311,-1.7248427672956002,-0.054057226704616,-0.054057226704616
25025100300,-1.8617013089568124,-1.0621360040241568,-0.8651240111169383,-0.28514332992725244,9.207459207459207,23.58490566037736,21.333333333333336,0.996577297839874,0.7995653049326557,0.5799806811896858,14.377446452918152,-2.2515723270440233,-0.197011992907218,-0.197011992907218
25025100400,-1.4191153168451072,-0.7767161338937679,-0.843997387391481,-0.22318532702562954,23.65967365967366,23.82075471698113,22.666666666666664,0.5751179294536262,0.6423991829513392,0.6208120603658515,0.1610810573074701,-1.154088050314467,0.067281253497713,0.067281253497713
25025100500,-1.1178555280346394,-0.42519576235556567,-0.5133745889423171,0.19152306783450224,33.68298368298368,33.136792452830186,32.666666666666664,0.6044809390923223,0.6926597656790737,0.7048976567768194,-0.5461912301534966,-0.4701257861635213,0.088178826586751,0.088178826586751
25025100601,-1.4886333798579432,-0.7281258145050795,-0.1885458774495975,0.8830103260093859,20.97902097902098,40.44811320754717,42.0,1.3000875024083456,0.7605075653528637,1.0715562034589834,19.469092228526197,1.5518867924528266,-0.539579937055482,-0.539579937055482
25025100603,-1.3288298550158952,0.023187435359691255,0.2940311531477148,1.6572096538142005,25.990675990675992,53.18396226415094,51.33333333333333,1.62286100816361,1.3520172903755865,1.3631785006664858,27.19328627347495,-1.8506289308176136,-0.270843717788024,-0.270843717788023
25025100700,-0.7710237211663791,0.10277400398624759,-0.0071560444154817,1.1451845200305646,45.33799533799534,45.04716981132076,45.33333333333333,0.7638676767508974,0.8737977251526267,1.1523405644460463,-0.2908255266745811,0.286163522012572,0.109930048401729,0.109930048401729
25025100800,-0.8858338279550917,0.13972344474616727,0.4539687982361914,1.6247431859269743,40.79254079254079,56.25,50.66666666666667,1.3398026261912832,1.025557272701259,1.170774387690783,15.457459207459207,-5.583333333333329,-0.314245353490024,-0.314245353490024
25025100900,-1.2080036410553598,-0.20629357365297896,-0.0005608417952452,0.7890304605385797,30.419580419580424,45.16509433962264,40.666666666666664,1.2074427992601149,1.0017100674023809,0.7895913023338249,14.745513920042216,-4.498427672955977,-0.205732731857734,-0.205732731857734
25025101001,-1.2391461387432186,-0.8162491095555908,-0.9323475102641148,-0.3709545681605819,29.02097902097902,21.108490566037734,17.333333333333336,0.3067986284791039,0.4228970291876278,0.5613929421035329,-7.912488454941286,-3.775157232704398,0.116098400708524,0.116098400708524
25025101002,-1.821092025017208,-1.294402045118264,-1.1434014108021666,-0.5609634101297963,10.256410256410255,16.15566037735849,14.000000000000002,0.6776906142150414,0.5266899798989438,0.5824380006723703,5.899250120948235,-2.1556603773584886,-0.151000634316097,-0.151000634316098
25025101101,-1.243881055889161,-0.6080083500501318,-0.6202997620953471,0.028845148378308316,28.671328671328677,29.36320754716981,30.0,0.623581293793814,0.6358727058390293,0.6491449104736554,0.6918788758411374,0.6367924528301891,0.012291412045215,0.012291412045215
25025101102,-1.5513266982407303,-0.975710883229258,-0.974452861115355,-0.3506122603038415,18.64801864801865,20.28301886792453,18.0,0.5768738371253753,0.5756158150114723,0.6238406008115135,1.63500021990588,-2.283018867924529,-0.001258022113903,-0.001258022113903
25025110103,-0.8319468321355898,0.44103159396460123,0.5965689035835245,1.79437274955849,43.00699300699301,59.905660377358494,54.666666666666664,1.4285157357191145,1.272978426100191,1.1978038459749656,16.898667370365487,-5.23899371069183,-0.155537309618923,-0.155537309618923
25025110201,-1.6546106328188714,-1.2126498357616733,-1.2499094015660297,-0.7413468282645078,14.335664335664337,13.325471698113208,12.0,0.4047012312528419,0.4419607970571982,0.5085625733015219,-1.0101926375511283,-1.3254716981132084,0.037259565804356,0.037259565804356
25025110301,-0.6866177910553127,-0.07990241057050784,-0.2351325843375516,0.4726946313107029,48.71794871794872,38.79716981132076,35.333333333333336,0.4514852067177611,0.6067153804848049,0.7078272156482545,-9.92077890662796,-3.463836477987421,0.155230173767044,0.155230173767044
25025110401,-1.079536720619793,-0.23666929729084663,-0.2408175754480997,0.5233255616078144,34.96503496503497,38.56132075471698,38.0,0.8387191451716932,0.8428674233289464,0.7641431370559141,3.596285789682014,-0.5613207547169807,0.004148278157253,0.004148278157253
25025110403,-1.0628476464577068,0.33579300223413133,0.7193686230371045,1.6616454464329415,35.31468531468531,62.264150943396224,52.0,1.7822162694948114,1.3986406486918381,0.9422768233958371,26.94946562871091,-10.264150943396224,-0.383575620802973,-0.383575620802973
25025110501,0.0855493127116897,0.8568077499358733,0.6068565051949375,1.764544769749327,73.07692307692307,60.25943396226416,53.333333333333336,0.5213071924832477,0.7712584372241836,1.1576882645543896,-12.817489114658912,-6.926100628930826,0.249951244740936,0.249951244740936
25025110502,-0.9005962038117732,0.3932356141524016,0.5085811724260888,1.6853881068109593,40.20979020979021,58.136792452830186,52.666666666666664,1.409177376237862,1.2938318179641748,1.1768069343848706,17.92700224303998,-5.470125786163521,-0.115345558273687,-0.115345558273687
25025110601,0.707232688669347,1.9696308101524662,1.3373414419530278,2.787389338563037,82.51748251748252,72.99528301886792,71.33333333333334,0.6301087532836809,1.2623981214831193,1.450047896610009,-9.522199498614595,-1.6619496855345801,0.632289368199438,0.632289368199438
25025110607,0.2774571252818769,1.5067953091231978,1.314045024084086,2.6072118056537836,76.45687645687646,72.64150943396226,68.66666666666667,1.036587898802209,1.2293381838413209,1.2931667815696977,-3.8153670229142014,-3.974842767295584,0.192750285039112,0.192750285039112
25025120103,3.2220471988432284,4.390966917780171,4.049642575723521,5.750431194186926,99.41724941724942,95.75471698113208,96.0,0.8275953768802924,1.168919718936942,1.7007886184634051,-3.6625324361173455,0.24528301886792292,0.341324342056650,0.341324342056650
25025120104,-0.0475063770094048,1.5520545245717845,1.745487107088774,3.2478561077636376,69.8135198135198,78.41981132075472,76.0,1.792993484098179,1.5995609015811894,1.5023690006748633,8.606291507234914,-2.419811320754718,-0.193432582516990,-0.193432582516990
25025120201,-0.5017272652439052,0.9173494316821652,0.9391262258520504,2.3989069655199264,56.75990675990676,67.33490566037736,66.66666666666666,1.4408534910959556,1.4190766969260704,1.4597807396678761,10.574998900470597,-0.6682389937107018,-0.021776794169885,-0.021776794169885
25025120301,-0.5773178103363615,0.8412641682650192,0.8851804036845985,2.2866199833385137,53.379953379953385,65.80188679245283,63.33333333333333,1.46249821402096,1.4185819786013807,1.4014395796539154,12.421933412499447,-2.468553459119505,-0.043916235419579,-0.043916235419579
25025120400,1.0358121534138875,2.2039431679095443,1.9123400779116688,3.5018660916864714,87.76223776223776,80.18867924528303,78.66666666666666,0.876527924497781,1.1681310144956567,1.5895260137748024,-7.573558516954733,-1.5220125786163692,0.291603089997875,0.291603089997876
25025120500,-0.7391998561116672,0.6234633597849052,0.7729296614821937,2.277072937045384,46.03729603729604,63.443396226415096,62.0,1.512129517593861,1.3626632158965724,1.5041432755631905,17.40610018911906,-1.4433962264150964,-0.149466301697288,-0.149466301697289
25025120600,0.510242977569279,1.9769726800064982,1.8160753004450585,3.6673122599093655,80.3030303030303,79.24528301886792,80.66666666666666,1.3058323228757795,1.4667297024372192,1.851236959464307,-1.0577472841623743,1.4213836477987343,0.160897379561440,0.160897379561440
25025120700,0.3225248989063683,1.638124846695473,1.6091732918227482,3.3526141352437087,77.3892773892774,76.76886792452831,77.33333333333333,1.28664839291638,1.3155999477891047,1.7434408434209607,-0.6204094647490876,0.5644654088050203,0.028951554872725,0.028951554872725
25025130100,-0.0642797256211346,1.1363584184498126,1.214856801659083,2.3124051751841126,68.997668997669,71.69811320754717,64.0,1.2791365272802178,1.200638144070947,1.0975483735250298,2.700444209878171,-7.698113207547166,-0.078498383209270,-0.078498383209271
25025130200,0.307289756981834,1.3972725973811706,1.454127270016356,2.681430303671294,77.15617715617715,74.76415094339622,70.66666666666667,1.146837513034522,1.0899828403993366,1.2273030336549378,-2.3920262127809337,-4.097484276729546,-0.056854672635186,-0.056854672635186
25025130300,0.5759880570317217,1.6386401369475336,1.6316044370479033,2.8844182005709236,81.11888111888112,77.00471698113208,72.66666666666667,1.0556163800161815,1.062652079915812,1.25281376352302,-4.114164137749043,-4.338050314465406,0.007035699899630,0.007035699899630
25025130404,-0.5686033968772386,0.0203756090301056,-0.1090651994511185,0.679539280565087,53.4965034965035,43.16037735849056,39.33333333333333,0.45953819742612,0.5889790059073442,0.7886044800162054,-10.336126138012936,-3.827044025157228,0.129440808481224,0.129440808481224
25025130406,-1.1865926719636866,-0.6831435001034527,-0.7172031361844636,-0.029122148575443707,31.11888111888112,26.88679245283019,27.333333333333332,0.4693895357792229,0.5034491718602339,0.6880809876090199,-4.232088666050931,0.446540880503143,0.034059636081011,0.034059636081011
25025140102,-1.155082091818289,-0.47730878993562975,-0.3431481824368561,0.10376981785257083,32.400932400932405,37.14622641509434,32.0,0.8119339093814328,0.6777733018826592,0.4469180002894269,4.745294014161935,-5.14622641509434,-0.134160607498774,-0.134160607498774
25025140105,-0.8025481084527675,-0.1117626224927798,-0.1056904036831568,0.47925514456019097,43.82284382284382,43.278301886792455,36.666666666666664,0.6968577047696107,0.6907854859599877,0.5849455482433478,-0.5445419360513668,-6.611635220125791,-0.006072218809623,-0.006072218809623
25025140106,-2.0910992901392085,-1.2325500811328358,-1.0180911231271812,-0.32147303308493436,5.361305361305361,18.98584905660377,19.333333333333332,1.0730081670120273,0.8585492090063728,0.6966180900422468,13.62454369529841,0.3474842767295634,-0.214458958005655,-0.214458958005655
25025140107,-1.5767209070997643,-0.7441938883084835,-0.6194321633802254,-0.00844118776786551,17.832167832167833,29.4811320754717,29.333333333333332,0.9572887437195392,0.8325270187912808,0.6109909756123599,11.648964243303864,-0.14779874213836663,-0.124761724928258,-0.124761724928258
25025140201,-1.176621297388182,-0.5416817357896448,-0.5070093966264902,0.08539406908458314,31.46853146853147,33.60849056603774,31.333333333333336,0.6696119007616917,0.6349395615985371,0.5924034657110734,2.1399590975062672,-2.2751572327044016,-0.034672339163155,-0.034672339163155
25025140202,-0.9226113219523222,-0.5249254633875766,-0.6829087775968842,-0.14261489447166165,39.976689976689975,28.77358490566038,26.666666666666668,0.239702544355438,0.39768585856474553,0.5402938831252225,-11.203105071029595,-2.1069182389937104,0.157983314209308,0.157983314209308
25025140300,-1.378586839358739,-0.7423411291767021,-0.7122026788716267,-0.1842513238017005,24.941724941724942,27.594339622641517,25.333333333333336,0.6663841604871124,0.6362457101820369,0.5279513550699262,2.652614680916571,-2.261006289308181,-0.030138450305075,-0.030138450305075
25025140400,-1.1810613342433562,-0.7538345578142663,-0.8664813994981265,-0.3838450264050813,31.35198135198135,23.46698113207547,16.0,0.3145799347452297,0.4272267764290899,0.48263637309304525,-7.88500021990588,-7.466981132075471,0.112646841683860,0.112646841683860
25025981300,0.5805837223495862,1.989002848307457,1.9264884105056224,3.7002414326043875,81.23543123543124,80.4245283018868,82.66666666666667,1.345904688156036,1.4084191259578709,1.7737530220987652,-0.8109029335444404,2.2421383647798763,0.062514437801835,0.062514437801835
