geoid,SES Percentile Ascent 2010-2019,SES Percentile Ascent 2019-2028,SES Percentile Ascent 2010-2019_zscore,SES Percentile Ascent 2019-2028_zscore
25009201100,-11.329550952192465,-2.26918849606156,-1.1159491058464641,-0.9031324300367876
25009202101,-15.419800325460711,-0.1122000366367359,-1.5373018822322881,-0.2942573188579295
25009202102,7.9405264546774035,-1.5398882579226978,0.8691378352137104,-0.6972654205776934
25009202200,-6.25989576461275,-0.7407492214691302,-0.5937038602225568,-0.47168430189253346
25009203100,-7.755805515239473,-0.5713042681809952,-0.7478034441668874,-0.4238533483604405
25009203200,-11.476063244931169,2.680206997618626,-1.1310419169898538,0.4939838680662861
25009203301,-3.904703786779251,-0.1705898516211732,-0.3510862131745895,-0.3107396068993975
25009203302,-3.136407617539689,1.6280454295658444,-0.2719409840080323,0.1969795012014357
25009204101,-10.480714254299162,-1.3372412529767423,-1.0285070780588683,-0.640062185610255
25009204102,-12.386473589303783,-1.2696922513280846,-1.224826889798312,-0.6209944406211071
25009204200,1.7463275717992737,6.208783660010994,0.23104889280254445,1.4900311571603497
25009204300,-1.2144302238641878,0.8243267997801809,-0.07395048585684487,-0.029894345957560096
25009204400,-7.582904516866783,4.666605605422241,-0.7299922280145572,1.054704843594578
25009204500,-4.869265954171617,3.171368382487642,-0.45044957959514526,0.6326289968856723
25009204600,3.821139552271625,3.6510807840263766,0.4447834866305139,0.768042304520457
25009204701,-9.140937678673527,-3.3774500824326807,-0.8904913904174364,-1.215972720706174
25009204702,-1.7130668074064346,-0.9800329730719852,-0.12531701383828897,-0.5392293646506963
25009205100,-1.3801842811276792,-2.4054313976918813,-0.09102546731925427,-0.941591102133537
25009205200,-9.743204908299248,-0.9262227514196724,-0.9525333214027415,-0.5240398050830722
25009205300,0.479394819017461,-3.2194541124748106,0.10053713565454273,-1.1713735883586776
25009205400,-4.455018252188054,-2.12836600109911,-0.4077762842985422,-0.863381029466193
25009205500,3.971225315564939,-1.2651126579959726,0.460244415118865,-0.6197017121472667
25009205600,0.8928178739499488,0.0709836966477377,0.1431254807946151,-0.24254817990431454
25009205700,-10.088732022694288,-1.1586371130243638,-0.9881274369885602,-0.5896457751304756
25009205800,-0.2795553503100674,-0.431626671551566,0.022354674928651636,-0.3844251299083039
25009205900,1.867825570655759,-1.036132991390364,0.24356488253120895,-0.5550652884552433
25009206000,2.2790495667854165,0.4041491115588922,0.28592669392053643,-0.14850218343242216
25009206100,-0.8787988740818928,0.4980307748671917,-0.03937577214937893,-0.12200124971869258
25009206200,-2.5995623872982367,-0.1614306649569519,-0.21663843210739342,-0.30815414995171747
25009206300,3.909376786735277,0.2793551932588389,0.4538731533791599,-0.183729034344574
25009206400,4.259302018735982,-2.4626763143432875,0.4899203364664687,-0.957750208056544
25009206500,4.303008312442275,-1.916559809488918,0.4944226947625268,-0.8035923375510702
25009206600,0.2677354092448425,1.2273310130060455,0.07873326214532997,0.08386575974039928
25009206700,-7.029841227954436,0.9273676497527016,-0.6730189897021728,-0.0008079552961504499
25009206800,0.7199168755772529,1.143753434694999,0.12531426464228432,0.06027346509281088
25009206900,-2.662785327879668,0.1660102582890639,-0.22315127744131405,-0.21572406407212522
25009207000,1.1806196947706382,-0.204936801612017,0.17277308542337572,-0.3204350704532017
25009207100,-0.3084179970972425,0.7098369664773765,0.019381419450122638,-0.06221255780357182
25009207200,-2.905506443242292,0.1419673932954752,-0.24815494017980072,-0.22251088855978762
25009208101,-18.89018999868056,3.593835867374977,-1.894800457626845,0.7518831985974518
25009208102,0.4219444077934611,-2.222247664407398,0.09461894141632747,-0.8898819631799193
25009208300,-2.6856005629590527,1.9051108261586336,-0.225501565105294,0.2751895738687848
25009208400,-14.659200862031057,-0.4201776882212797,-1.458949521193338,-0.38119330872370105
25009209200,-1.2606104587236615,-2.3493313793735098,-0.07870769462249061,-0.925755178328992
25009210300,-13.522837225667416,-0.7842553581241987,-1.3418882054958245,-0.4839652223940187
25009210400,-8.298698157188724,-0.4716981132075446,-0.8037289638820762,-0.39573650405440725
25009210500,-4.817313189954696,-1.1162758747023318,-0.4450977197337925,-0.5776880367474528
25009210600,3.1529005585609333,-1.708188312877816,0.3759455431228569,-0.7447731919913294
25009210700,-9.791309319611203,-1.2891555229895584,-0.9574887472002895,-0.6264885366349283
25009210800,3.964353256806088,-0.7968492397875071,0.4595364971477867,-0.48752022569708
25009210900,6.829177112195978,0.6342736764975285,0.7546533409309216,-0.08354257762193874
25009211100,6.562266350002197,-1.6589576845576133,0.7271578069342391,-0.7308763608975453
25009211200,-7.303349166556714,-1.6978842278805608,-0.7011941249510905,-0.7418645529251876
25009211300,-20.96802568500681,-1.307473896318008,-2.108846535362089,-0.6316594505302904
25009211401,-14.760632449311686,-0.1396775966294186,-1.4693983904464527,-0.3020136897009751
25009211402,-4.468762369705772,-1.9199945044879956,-0.4091921202407004,-0.8045618839064487
25009212100,10.809473545322597,-3.253801062465655,1.1646794297794913,-1.181069051912482
25009215101,-6.432796762985433,-1.2456493863344915,-0.6115150763748862,-0.6142076161334434
25009215102,-27.47559044728856,1.4105147462905308,-2.7792165372544275,0.13557489869401754
25009217100,-9.68053173241853,-0.6239695915002628,-0.9460771095065077,-0.4387197258095995
25009217201,7.640080045740426,-2.4363436526836466,0.8381876615181654,-0.9503170193319626
25009217202,2.813695738224048,-3.3568419124381776,0.3410027120704315,-1.2101554425738923
25009217300,6.781072700884021,0.0286224583257066,0.7496979151333735,-0.25450591828733704
25009217400,-12.929641113603378,2.300100751053307,-1.2807807262323427,0.3866874047375248
25009217500,-7.021594757443808,1.1906942663491409,-0.672169488136878,0.07352393194967348
25009217600,-9.70362184984826,3.0076479208646205,-0.9484557138893298,0.5864139539458723
25009218100,-4.37035448827902,2.8404927642425406,-0.3990547348948584,0.5392293646506993
25009220101,-10.268505079825829,-0.8311961897783462,-1.0066465711119688,-0.4972156892508829
25009220102,-25.712495052117696,-1.028118703059178,-2.597593102594571,-0.5528030136260254
25009221100,-11.379304657606532,-1.2284759113390749,-1.1210744319570696,-0.6093598843565429
25009221300,-8.62745744821217,0.842645173108636,-0.8375957596184639,-0.024723432062196415
25009221400,-8.118375335356466,-1.6715515662209215,-0.7851531963209806,-0.7344313642006064
25009221500,-1.6534173373796008,1.6933046345484506,-0.11917228584932851,0.21540088195366455
25009221600,7.126324932928707,-0.0309122549917564,0.785263714000349,-0.2713113884472645
25009221700,1.022012578616355,0.029767356658727,0.1564343386508881,-0.2541827361688791
25009221800,-27.93107050182521,0.4178878915552317,-2.8261373403774983,-0.14462399801089995
25009221901,-6.0276201785635735,-3.679703242352076,-0.5697762328001086,-1.3012927999796424
25009221902,-23.36939789769979,-0.3182817365817882,-2.356221391175703,-0.3524301001807519
25009222100,-6.51003870343493,-2.9435336142150774,-0.6194720743698077,-1.0934866978097966
25009223100,-19.451499758103537,3.1862520608170115,-1.9526231975045238,0.6368303644256551
25009223200,-1.4346109864977803,-0.1385326982963803,-0.09663217765019462,-0.30169050758251204
25009223300,-17.92645247833927,-5.599697746840072,-1.79552204136282,-1.8432692126372499
25009250200,-2.4967563882658217,-0.3171368382487634,-0.20604797926006146,-0.3521069180622927
25009250300,-0.6773101112723752,0.1763143432863163,-0.018619617237362208,-0.2128154250059842
25009250400,0.7130448168184018,0.1557061732918114,0.12460634667120599,-0.2186327031382663
25009250500,1.4439569864098163,0.2347041582707461,0.19990050207509738,-0.1963331369645183
25009250600,-3.796675023090117,0.3663674665689687,-0.33995774266923884,-0.1591671933416055
25009250700,2.854928090777148,0.3869756365634726,0.34525021989690075,-0.15334991520932365
25009250800,-3.915973963143775,-0.2472980399340536,-0.3522471986471588,-0.33239280883622574
25009250900,-1.1586291067423145,-0.1041857483055505,-0.06820219193168867,-0.2919950440287118
25009251000,-1.7290099837269648,0.5335226231910606,-0.12695938353119024,-0.11198260404642908
25009251100,-0.2289769978449223,0.0103040849972522,0.027564951195788185,-0.25967683218270055
25009251200,-0.2276025860931521,0.1350980032973071,0.027706534790003845,-0.22444998127054827
25009251300,-0.113801293046576,0.0068693899981681,0.03942965639106103,-0.26064637853808087
25009251400,-3.6911202005541632,-0.1465469866275874,-0.32908412263347575,-0.3039527824117359
25009251500,-2.771088973919164,0.3079776515845394,-0.23430806466550871,-0.1756494813830712
25009251600,0.8529599331486124,0.3354552115772118,0.1390195565623608,-0.1678931105400286
25009251700,-5.969894884989226,-0.8655431397691888,-0.5638297218430509,-0.5069111528046868
25009251800,0.6242578176540459,-1.425398424619896,0.11546004648487411,-0.6649472087316823
25009252101,-11.096725601442584,0.2301245649386345,-1.09196484498633,-0.19762586543835858
25009252102,9.247042265910196,1.0212493130610056,1.003727199875123,0.025692978417580427
25009252300,-3.841755728548179,-2.003572082799049,-0.3446016845595125,-0.828154178554039
25009252400,2.4052205655979244,0.1854735299505403,0.2989240678695346,-0.2102299680583033
25009252501,1.995645863570388,-3.0225315991939894,0.25673215679326555,-1.115786263983538
25009252502,-10.75779566345604,-2.2966660560542245,-1.0570503306527466,-0.9108888008798279
25009252601,-12.24545894357215,-2.8347682725773997,-1.2103004130317838,-1.0627843965560815
25009252602,2.9426155605400908,-4.539521890456129,0.35428325320786036,-1.5440025709431884
25009252603,-14.578935215727672,-2.792407034255355,-1.450681039291143,-1.0508266581730552
25009253100,-5.005332717596875,0.4041491115588904,-0.46446635542249676,-0.14850218343242272
25009253201,-4.30300831244228,-0.996061549734378,-0.39211713877829096,-0.5437539143091379
25009253202,-7.684336104147427,-2.69852537094706,-0.7404410972676734,-1.024325724459327
25009253203,-5.530358006773099,-4.912758747023261,-0.5185512884128805,-1.6493599415611837
25009253204,-10.687425781765398,-2.314984429382676,-1.0498012506289038,-0.9160597147751907
25009254100,2.851354620222552,-1.2238963180069788,0.3448821025519407,-0.608067155882707
25009254200,-4.434127193561153,4.525783110459798,-0.40562421366646473,1.0149534430239855
25009254301,-5.612547829528964,-2.27834768272578,-0.5270179873469777,-0.9057178869844673
25009254302,-4.72825130843998,-1.5490474445869324,-0.4359231028286169,-0.6998508775253772
25009254401,-4.9187447772353465,-3.748397142333772,-0.45554658898690936,-1.3206837270872533
25009254402,-5.280764832651627,-2.201639494412902,-0.4928397077033158,-0.8840646850476397
25009254403,-8.951543739279586,-2.345896684374424,-0.8709811711345175,-0.9247856319736112
25009260100,1.428838457140344,-0.2885143799230629,0.1983430825387251,-0.3440273651007899
25009260200,-2.045674451334828,-0.4762777065396584,-0.15958024363847975,-0.3970292325282481
25009260301,-5.965496767383563,-0.8060084264517293,-0.5633766543415609,-0.4901056826447603
25009260302,-6.575185820468839,-3.931580875618241,-0.6261831367356302,-1.3723928660408669
25009260401,-11.166270836082152,-1.7883311961897803,-1.0991289748536421,-0.767395940283538
25009260402,0.7237652284822076,-4.963134273676495,0.12571069870608798,-1.663579954773429
25009260500,-17.465199894445178,-3.087790804176592,-1.7480065871440422,-1.134207644735766
25009260600,-8.474897743765665,-1.8100842645173127,-0.8218799806605241,-0.7735364005342801
25009260700,-4.5355587808418,-0.4121633998900886,-0.4160730829195813,-0.3789310338944817
25009260800,-2.041551216079518,-0.101895951639495,-0.1591554928558328,-0.2913486797917917
25009260900,0.3361811144830007,-0.8346308847774306,0.08578412513727017,-0.4981852356062633
25009261000,-11.532689009104104,0.427047078219454,-1.1368751610715393,-0.1420385410632196
25009261101,-7.812981044113123,-5.107391463638024,-0.7536933216862598,-1.7043009016994022
25009261102,-10.668733781941327,-1.8799230628320185,-1.0478757137475712,-0.7932505097603458
25009262100,-10.118419316532524,-1.378457592965752,-0.9911856426236185,-0.6516967418748192
25009263100,-6.714001407397632,-3.4289705074189527,-0.6404830797514124,-1.230515916036882
25009264100,-12.428530588907948,-2.369939549368013,-1.2291593477813108,-0.9315724564612736
25009265101,-10.47191801908783,-1.0968126030408598,-1.027600943055888,-0.5721939407336322
25009265102,-2.880217267009712,-4.673474995420406,-0.24554980204623167,-1.5818148788030209
25009266100,-4.605928662532435,-3.1851071624839733,-0.42332216294342323,-1.1616781248048753
25009266200,-2.4783392707921017,-2.3584905660377338,-0.2041507590975717,-0.9283406352766729
25009266300,-10.435358666490744,-1.223896318006961,-1.0238348194497515,-0.6080671558827019
25009266400,-15.771924616264236,-2.497023264334125,-1.5735755990703408,-0.9674456716103464
25009267101,-0.3543233496063713,-0.5942022348415463,0.014652527403319099,-0.4303169907296401
25009267102,10.550809253639446,-1.0361329913903674,1.138033397348104,-0.5550652884552443
25009268200,-6.66094911377931,-3.3934786590950736,-0.6350179530146887,-1.2204972703646155
25009268300,5.25052777411269,2.368794651034989,0.5920304246148084,0.4060783318451316
25009268400,10.336675902713653,0.0549551199853368,1.1159746733693041,-0.24707272956275853
25009269100,-23.32101860403747,-2.4546620260120804,-2.3512376486593105,-0.9554879332273202
25009270100,0.2963231736816567,-3.4827807290712585,0.08167820090501512,-1.245705475604504
25017300100,-8.521352860975501,-0.4213225865543144,-0.8266655061450139,-0.3815164908421631
25017301101,-3.5289396138452744,-0.954845209745372,-0.31237725851602705,-0.5321193580445747
25017301102,-4.796971896028502,-3.298452097453751,-0.4430022825394012,-1.1936731545324273
25017310100,-6.770627171570569,-0.8277614947792618,-0.6463163238330981,-0.49624614289550245
25017310200,-3.948684962835907,-0.8872962080967195,-0.35561688818949166,-0.5130516130554283
25017310300,-1.3395016932752777,0.147691884960615,-0.0868345929304703,-0.22089497796748714
25017310400,-1.598715749659145,-0.8884411064297499,-0.11353725879954497,-0.5133747951738891
25017310500,-10.3273299028016,0.8907309030958057,-1.0127063489443997,-0.01114978308687377
25017310601,-9.429289264194924,-0.8941655980948902,-0.9201956284838833,-0.5149907057661898
25017310602,-0.9018889915116316,-0.7247206448067427,-0.041754376532201994,-0.46715975223409323
25017310700,-3.4538967321986185,-0.0148836783293635,-0.3046467942718516,-0.26678683878882276
25017311100,-1.4271891630382196,0.3411797032423527,-0.09586762624142987,-0.1662771999477278
25017311200,2.141883273958746,0.7167063564755454,0.2717966512178129,-0.060273465092810945
25017311300,-6.300303470114791,-1.7883311961897794,-0.5978664178924971,-0.7673959402835377
25017311400,5.489400536570349,-1.33037186297857,0.6166376532894903,-0.6381230928994931
25017311500,10.195386374631658,-1.5845392929107902,1.1014198798839323,-0.7098695231976375
25017311600,-8.64202621278093,-2.130655797765158,-0.8390965457171496,-0.8640273937031109
25017311700,3.2705502045124684,-0.6617512364901987,0.38806509878771817,-0.44938473571878634
25017311800,0.3059440559440558,-0.1820388349514559,0.08266928606452555,-0.31397142808399936
25017311900,-0.4552051721863042,0.0274775599926725,0.004260291587889477,-0.25482910040579887
25017312000,-2.769714562167392,0.4327715698845944,-0.23416648107129287,-0.14042263047091894
25017312100,1.2410938118485282,-0.1751694449532879,0.17900276356886496,-0.3120323353732387
25017312200,-3.1507014997581013,-0.0824326799780195,-0.2734134533878754,-0.28585458377797
25017312300,3.83021066983331,-1.0349880930573363,0.4457179383523374,-0.5547421063367832
25017312400,-1.3821084575801554,0.0412163399890088,-0.09122368435115599,-0.2509509149842775
25017312501,-10.908156309099702,-2.2840721743909107,-1.07253957585994,-0.9073337975767651
25017312502,-10.520022430399791,-0.1247939183000497,-1.0325563688534365,-0.2978123221609923
25017313101,-15.98660773189075,-0.8976002930939728,-1.595690956486828,-0.5159602521215697
25017313102,-5.294508950169323,-0.0515204249862577,-0.4942555436454718,-0.2771286665795456
25017314101,7.519131811584643,-2.859956035904005,0.8257283052271865,-1.0698944031622009
25017314102,-1.1388375775168242,-0.0789979849789261,-0.0661633881749832,-0.2848850374225871
25017314200,-6.922362228966001,-1.5467576479208631,-0.6619471526345075,-0.6992045132884532
25017314301,1.5146017504508116,-1.7974903828540043,0.20717789881778317,-0.7699813972312188
25017315100,-4.729075955491048,-2.788972339256283,-0.4360080529851469,-1.0498571118176783
25017315200,7.222258873202271,-5.907675398424615,0.7951462488766026,-1.9302052025030212
25017315401,14.062431279412412,-1.7265066862062568,1.4997794805691314,-0.749944105886689
25017315403,-10.307813255926462,2.201639494412888,-1.0106958619065372,0.35889374254995265
25017315500,1.4656726920877858,-1.57995969957868,0.20213752286370487,-0.7085767947237976
25017316101,4.629293662312527,-4.523493313793736,0.5280346400293258,-1.5394780212847465
25017316102,-9.455952852179266,1.6120168529034586,-0.922942350211667,0.19245495154299597
25017316300,-8.794860799577783,-1.104826891372042,-0.8548406413939319,-0.574456215562849
25017316400,-2.2993908607116182,-4.411293277156986,-0.18571657513069212,-1.5078061736756545
25017316500,-6.88772705282139,-2.139814984429385,-0.6583792460602725,-0.8666128506507926
25017317101,0.4760962308132193,-3.082066312511458,0.10019733502842583,-1.132591734143467
25017317102,3.688921141751337,-3.523997069060272,0.4311631448669678,-1.2573400318690693
25017317202,-15.5047389717201,-5.25164865359956,-1.546051748354815,-1.7450218486253777
25017317203,-12.01840612217972,0.4510899432130486,-1.1869108032673572,-0.1352517165755555
25017317301,1.803228218322559,-3.988825792269644,0.23691045360307275,-1.388551971963873
25017317302,-1.644346219817919,-1.2937351163216704,-0.1182378341275053,-0.6277812651087687
25017318100,0.3504749967014078,-2.27949258105879,0.08725659451711275,-0.9060410691029223
25017318200,-4.893180718652417,-4.145676863894479,-0.45291313413449763,-1.4328279221929072
25017318300,-5.637287241060832,-3.675123649019966,-0.5295664920428601,-1.3000000715058027
25017318400,-3.601233671988396,-2.6160926909690403,-0.31982455557177186,-1.0010566119301982
25017320102,-11.15115230681269,-2.235986444403736,-1.097571555317271,-0.8937601486014412
25017320103,2.447002682851732,-2.040208829455949,0.3032282091336901,-0.8384960063447635
25017320104,-3.232341557813257,-2.810725407583803,-0.2818235188842863,-1.055997572068417
25017321100,-10.35261907903417,-3.881205348965011,-1.0153114870779678,-1.358172852828623
25017321200,2.3414478603157853,-2.134090492764244,0.2923545890979277,-0.8649969400584918
25017321300,-0.6698882878128138,-2.7420315076021247,-0.017855065828597402,-1.0366066449608111
25017321400,-9.61840832123852,-5.881342736764971,-0.9396775310479601,-1.9227720137784385
25017321500,-18.880569116418165,-3.2995969957867786,-1.8938093724673346,-1.1939963366508872
25017321600,-15.059704446496902,-4.309397325517494,-1.500206980547783,-1.4790429651327055
25017322100,-10.538714430223877,-4.564709653782742,-1.0344819057347705,-1.55111257754931
25017322200,-5.016053129260676,-0.7876900531232849,-0.4655707074573782,-0.4849347687493996
25017322300,-7.078770286317454,-2.3745191427001267,-0.6780593656562502,-0.9328651849351146
25017322400,-3.122663500021993,-2.463821212676315,-0.27052514806587624,-0.958073390175004
25017323100,-10.196760786383422,-3.0305458875251787,-0.9992559074939108,-1.118048538812757
25017324101,-0.154758763249319,-0.8964553947609488,0.03521046528343522,-0.5156370700031108
25017325100,8.240423098913666,-1.1059717897050731,0.9000313754715683,-0.57477939768131
25017326101,-17.210658838017316,-4.3448891738413735,-1.7217853054952994,-1.4890616108049717
25017326102,-27.31231033117826,-2.234841546070712,-2.762396406261607,-0.8934369664829822
25017327101,10.592591370893253,-5.567640593515293,1.1423375386122592,-1.8342201133203682
25017327102,-4.687293838237231,-2.587470232643337,-0.4317039117209905,-0.9929770589686948
25017327103,-30.34756124378765,-1.3006045063198428,-3.0750696157274833,-0.6297203578195306
25017328100,4.507520781105683,-2.9103315625572392,0.5154903335818176,-1.084114416374446
25017330100,16.42889343361042,-2.1718721377541783,1.7435581130896665,-0.8756619499676782
25017330200,-1.0692923428772474,-0.7304451364718787,-0.05899925830767021,-0.46877566282639266
25017331101,-6.184852882966084,-3.0774867191793334,-0.5859733959783803,-1.1312990056696233
25017331102,-0.9497185204732546,-5.164636380289416,-0.046681485610909096,-1.7204600076224053
25017331200,6.5999252320007,-0.8609635464370768,0.7310371974157484,-0.5056184243308464
25017332100,4.577890662796321,-1.7150577028759812,0.5227394136056599,-0.7467122847020893
25017332200,1.7955315125126532,-0.9983513464004404,0.23611758547546582,-0.5444002785460599
25017332300,-6.776124818577642,-1.8123740611833767,-0.64688265820996,-0.7741827647712025
25017332400,-2.677079210098072,-1.0590309580509256,-0.22462374682115632,-0.5615289308244459
25017333100,-1.7837115714474194,-0.2827898882579234,-0.13259441058097365,-0.3424114545084896
25017333200,-3.1155165589127805,-0.5770287598461294,-0.26978891337595406,-0.42546925895273935
25017333300,16.212561023881776,5.442846675215243,1.7212728553601198,1.2738223199105343
25017333400,9.694275849936233,-0.4339164682176246,1.0497985014329008,-0.38507149414522485
25017333501,-1.6083366319215455,-0.4270470782194451,-0.11452834395905553,-0.383132401434461
25017333502,15.87940361525267,0.7510533064663818,1.6869529921222424,-0.05057800153900881
25017333600,-4.45199454633417,-0.6159553031690805,-0.40746480039126876,-0.4364574509803827
25017334100,-6.10101376610811,0.530087928191989,-0.5773367967312258,-0.11295215040180588
25017334200,-12.528037999736114,-0.4098736032240424,-1.239410000002525,-0.3782846696575643
25017334300,0.9356995206051836,-0.2587470232643341,0.14754288893414422,-0.335624630020827
25017334400,12.402691647974663,-1.529584172925432,1.3288031321942921,-0.6943567815115486
25017335100,-7.784118397325948,-1.8799230628320205,-0.7507200662077309,-0.7932505097603463
25017335200,-7.851189690812333,-0.1786041399523767,-0.7576293456054551,-0.31300188172862037
25017335301,-2.095153274398556,-1.2067228430115406,-0.16467725303024366,-0.6032194241058002
25017335302,-4.97014777675156,-2.517631434328621,-0.46084181541057595,-0.9732629497426261
25017335400,0.4200202313409846,1.0739146363802945,0.09442072438442574,0.04055935586674549
25017336100,-0.1434885868848141,2.6996702692800767,0.036371450756002545,0.4994779640801007
25017336200,5.7378941812904,2.033339439457791,0.6422359671236819,0.3113859711363225
25017336300,0.337830408585134,0.3102674482505847,0.0859540254503299,-0.17500311714615402
25017336401,15.618265382416324,0.7052573731452583,1.660052109221266,-0.063505286277414
25017336402,1.6880525135242053,2.446647737680898,0.22504574840779915,0.4280547159004202
25017337101,-22.387518142235123,4.174299322220186,-2.25507407146803,0.9157365326567287
25017337102,-2.077011039275192,-2.205074189411981,-0.16280834958659718,-0.8850342314030186
25017337201,8.22860315784844,0.5392471148562024,0.8988137565613133,-0.11036669345412806
25017337202,7.14419228570172,-1.5639311229162942,0.7871043007251527,-0.7040522450653579
25017337300,-10.519747548049438,0.2885143799230647,-1.0325280521345934,-0.18114357739689263
25017338100,-3.835433434490042,1.1918391646821789,-0.34395040002612104,0.0738471140681364
25017338200,8.497987861195412,1.212447334676682,0.9265641410275844,0.07966439220041804
25017338300,-0.2537164093767927,0.9193533614215283,0.025016446499905563,-0.0030702301253647587
25017338500,-1.227349694330826,1.301749404652881,-0.07528137164247192,0.10487259744031048
25017339100,-4.4247811936491175,5.592828356841913,-0.4046614452257984,1.3161591774288086
25017339200,6.322019175792761,0.4591042315442308,0.7024089946653409,-0.13298944174633867
25017339300,-12.1470510621454,4.959699578677409,-1.200163027685942,1.1374394659203648
25017339400,20.01006069402296,5.46688954020884,2.112468326178007,1.280609144398199
25017339500,-2.4992303294190066,3.001923429199479,-0.2063028297296495,0.5847980433535713
25017339600,11.315531952324406,3.035125480857289,1.2168105091697003,0.5941703247889137
25017339700,4.74419448476052,9.986948159003482,0.5398710285057555,2.556532148078721
25017339801,4.849199542595756,2.9435336142150703,0.5506880151038314,0.5683157553121114
25017339802,18.22469982847342,2.4615314160102457,1.9285512372918563,0.4322560834403969
25017339900,16.951994546334163,3.892654332295301,1.797444829048148,0.8362337315155437
25017340000,33.337731450939,2.850796849239785,3.485404439287325,0.5421380037168381
25017340100,-10.714364252100104,4.025462538926547,-1.0525762890755317,0.8737228572569153
25017341101,8.508433390508863,2.112337424436703,0.9276401763436232,0.3336855373100641
25017341102,0.8172252276025844,5.464599743542763,0.1353383831127533,1.279962780161273
25017341200,0.8906188151471142,6.71597362154241,0.1428989470438698,1.6332008356381797
25017341300,-10.604961076659189,8.57070892104781,-1.0413062349759643,2.156755867543561
25017341400,-10.472467783788538,6.086279538376985,-1.027657576493574,1.455450670485115
25017341500,5.688415358226681,3.487360322403376,0.6371389577319189,0.7218272615806628
25017341600,13.581387166292831,4.595621908774497,1.4502252225936487,1.0346675522500492
25017341700,9.161828737300436,-0.2839347865909474,0.994949017033751,-0.34273463662694853
25017341800,-12.242985002418964,1.734520974537462,-1.2100455625621958,0.22703543821822925
25017341901,10.301216079517973,-1.4414270012822854,1.1123218166385391,-0.6694717583901231
25017341902,12.669877292518803,0.0847224766440746,1.3563269829098183,-0.23866999448279302
25017342101,-10.573899371069178,4.667750503755265,-1.03810644574669,1.0550280257130369
25017342102,10.73278136957382,2.671047810954388,1.1567790652222576,0.4913984111186012
25017342201,5.2164423626687775,4.516623923795567,0.5885191514782587,1.0123679860763026
25017342202,-6.572986761666009,-0.9891921597362144,-0.6259566029848854,-0.5418148215983785
25017342300,7.254420108193695,3.735803260670451,0.7984593049812493,0.7919577812865054
25017342400,14.311749571183537,4.697517860413999,1.5254627445598536,1.0634307607930014
25017342500,10.42986101948366,6.549963363253347,1.1255740410571247,1.5863394284614636
25017342600,-2.364812860095874,0.7407492214691338,-0.19245595421535708,-0.05348664060514862
25017350103,18.1386616528126,3.071762227514199,1.9196881042939555,0.6045121525796412
25017350104,16.304646611250384,7.493359589668437,1.7307589561725696,1.852641494072595
25017350200,23.634109601090746,5.858444770104399,2.4857959474058773,1.3911374289115501
25017350300,29.00943396226416,3.3934786590950665,3.0395293843833486,0.6953263278669305
25017350400,4.547928486607731,1.6566678878915582,0.5196528912517585,0.2050590541629422
25017350500,6.69118617231824,1.284575929657464,0.7404383480716681,0.10002486566340972
25017350600,0.671537581914933,2.6733376076204536,0.12033052212589208,0.4920447753555242
25017350700,-5.413258125522269,9.627450082432674,-0.506488366185705,2.455052962882243
25017350800,9.000197915292262,1.1082615863711285,0.9782987863539893,0.050254819420546944
25017350900,-0.0989576461274452,1.5730903095805076,0.04095875920859148,0.18146675951535265
25017351000,1.2213022826230429,2.590904927642427,0.17696395981216,0.46877566282639366
25017351100,11.350167128469025,4.141097270562369,1.2203784157439361,0.9063642512213842
25017351203,1.7903087478559172,3.527431764059344,0.23557956781744535,0.7331386357267632
25017351204,4.465463781501526,4.6059259937717485,0.5111578755988195,1.03757619131619
25017351300,19.179366231253027,5.235620076937167,2.026895201834058,1.215326356469253
25017351403,36.49283106830276,9.18208463088478,3.810423738168808,2.329335118801262
25017351404,23.071425429916,9.816358307382302,2.4278316239339826,2.508378012428163
25017351500,28.27659761622026,10.615497343835862,2.9640370119475548,2.7339591311133207
25017352102,3.7595659057923134,2.089439457776166,0.4384405416096515,0.3272218949408685
25017352200,15.535525794959751,13.556741161384878,1.6515287768494824,3.564213993437354
25017352300,12.983518054272778,1.8879373511632025,1.3886363591098339,0.2703418420918801
25017352400,20.867968509477947,11.178787323685649,2.200844805687426,2.8929647333956954
25017352500,7.541122399612959,3.748397142333772,0.8279936427346364,0.7955127845895702
25017352600,7.560089281787384,4.960844477010454,0.8299474963348121,1.1377626480388299
25017352700,0.943671108765436,8.935931489283753,0.14836407378059355,2.2598509633323376
25017352800,6.1081607072173085,4.99748122366735,0.6803785874053829,1.148104475829553
25017352900,1.2257004002287033,1.80092507785308,0.1774170273136497,0.2457800010889137
25017353000,10.716838193253295,1.7574189411980257,1.155136695529357,0.2334990805874324
25017353101,19.85722610722611,1.8810679611650445,2.096724230501225,0.2684027493811223
25017353200,3.049269912477456,2.1833211210844468,0.3652701401189955,0.35372282865459287
25017353300,3.0616396182434045,0.8792819197655035,0.3665443924669382,-0.014381604271481085
25017353400,2.058868804151814,6.358765341637664,0.2632450021271857,1.532368014678624
25017353500,-0.3103421735497136,3.641921597362156,0.01918320241822145,0.7654568475727771
25017353600,-0.495063112987637,1.262822861329937,0.00015436735563558303,0.09388440541266917
25017353700,1.996195628271096,1.444861696281393,0.2567887902309518,0.14527036224782697
25017353800,-5.031171658530155,0.5094797581974859,-0.4671281269937512,-0.11876942853408752
25017353900,1.3023925759774784,1.4586004762777094,0.18531739187088342,0.14914854766934268
25017354000,-4.67464925012095,0.0412163399890062,-0.4304013426542069,-0.25095091498427824
25017354300,3.586664907419632,0.977743176405923,0.4206293254573223,0.013412057916091182
25017354400,-0.1687777631173759,0.961714599743516,0.03376631262243538,0.008887508257645484
25017354500,2.081409156880852,0.4442205532148762,0.26556697307232324,-0.13719080928631738
25017354600,7.232704402515722,1.1815350796849202,0.7962222841926414,0.07093847500199359
25017354700,-0.992875049478826,0.455669536545173,-0.05112721046927956,-0.13395898810171158
25017354800,2.8299137968949424,1.4895127312694427,0.3426733984821769,0.15787446486775913
25017354900,23.08599419448476,5.508105880197846,2.429332410032668,1.292243700662762
25017355000,2.3606896248405604,2.7683641692617726,0.2943367594169462,0.5188688911877115
25017356100,-3.597110436733089,1.76314343286316,-0.3193998047891252,0.23511499117973136
25017356300,7.51748251748252,2.305825242718456,0.8255584049141279,0.3883033153298278
25017356400,-0.633878699916437,0.7945594431214431,-0.014145575660147298,-0.03829708103752558
25017356500,-0.4161718784360317,2.2852170727239525,0.008281265663614158,0.38248603719754604
25017356601,-4.9423846593658,0.7556328997984991,-0.4579818268074194,-0.04928527306516688
25017356602,-2.779885209130484,0.0675490016486435,-0.235214199668488,-0.24351772625969773
25017356701,-6.893499582178833,1.4379923062832063,-0.6589738971559793,0.14333126953706107
25017356702,0.0186919998240711,1.891372046162303,0.053078314873450834,0.27131138844726504
25017357100,-0.2990719971852087,0.8060084264517258,0.020344187890788772,-0.035065259852923775
25017357200,3.929718080661488,1.0098003297307088,0.455968590573553,0.022461157232974614
25017357300,-2.827714738092098,0.846079868107708,-0.24014130874719414,-0.023753885706819484
25017357400,0.3139156441043127,1.6097270562374175,0.08349047091097533,0.19180858730607997
25017357500,-0.3334322909794593,1.0842187213775532,0.01680459803539767,0.04346799493288832
25017357600,-1.6514931609271173,0.8243267997801809,-0.11897406881742603,-0.029894345957560096
25017357700,-0.616286229493781,2.974445869206818,-0.012333305654187087,0.5770416725105318
25017357800,5.433874301798838,1.5891188862428862,0.610917676083178,0.18599130917379036
25017358100,-2.273551919778328,0.8231819014471284,-0.1830548035594366,-0.030217528076027095
25017358300,1.260060694022954,0.7945594431214573,0.1809566171690408,-0.038297081037521566
25017358400,-2.379106742314292,0.4865817915369206,-0.19392842359520074,-0.1252330709032911
25017358500,2.180091920657972,-0.8140227147829364,0.27573267513700983,-0.49236795747398415
25017358600,-0.2715837621498025,0.996061549734378,0.023175859775102243,0.01858297181145483
25017359100,-7.336335048599196,-2.265753801062459,-0.704592131212266,-0.9021628836814025
25017359300,-1.582772573338616,-2.401996702692798,-0.11189488910664383,-0.940621555778157
25017360200,-5.90447288560496,-0.4350613665506699,-0.557090342758385,-0.38539467626368984
25017361100,-2.889288384571401,-0.4728430115405899,-0.2464842537680556,-0.3960596861728721
25017361200,-1.526421691516035,-2.1398149844293783,-0.10608996174380138,-0.8666128506507907
25017361300,2.1965848616791988,-0.0446510349881066,0.2774316782675961,-0.2751895738687897
25017362100,-7.670591986629731,-4.241848323868823,-0.7390252613255174,-1.4599752201435539
25017363102,-5.205721951004975,-0.1694449532881634,-0.4851092434591407,-0.3104164247809425
25017363103,-6.9853102871970805,-1.7768822128595048,-0.6684316812495853,-0.7641641190989381
25017363104,0.4508070545806362,-1.907400622824696,0.09759219689485647,-0.8010068806033899
25017363201,-9.22175308967762,-1.2250412163399744,-0.8988165057573179,-0.6083903380011579
25017363202,-7.742336280072138,-0.2221102766074381,-0.7464159249435751,-0.32528280223010364
25017364101,-1.492061397721777,-3.510258289063934,-0.10255037188840953,-1.2534618464475475
25017364102,-5.261248185776488,-2.3470415827074547,-0.49082922066545315,-0.9251088140920721
25017365201,-6.708228878040202,-3.001923429199479,-0.6398884286557072,-1.1099689858512545
25017365202,1.2364208118925148,-4.04607070892105,0.17852137934853227,-1.40471107788688
25017366100,-6.465782645027929,-0.7212859498076654,-0.6149130826360634,-0.4661902058787148
25017366202,-8.282205216167483,-4.799413812053487,-0.8020299607514884,-1.6173649118336326
25017368101,0.4642762897479855,-1.194128961348241,0.09897971611817011,-0.5996644208027415
25017368102,-2.2097792144961943,-2.561137570983689,-0.17648532478783024,-0.9855438702441113
25017368200,-8.953193033381709,-3.00535812419858,-0.8711510714475761,-1.1109385322066396
25017368300,17.6499208338831,3.525141967393303,1.8693409781908643,0.7324922714898472
25017368400,4.203226019263752,0.6010716248397046,0.4841437258224691,-0.09291485905728517
25017368500,4.947057659321807,5.057015936984797,0.5607687670119877,1.164909945989476
25017368600,-2.4035712714957924,4.478842278805637,-0.19644861157223859,1.0017029761671172
25017368700,9.467772793244492,8.757327349331383,1.0264655251061585,2.2094345528525605
25017368800,28.307109557109555,0.9101941747572796,2.967180167739142,-0.005655687073052585
25017368901,-3.10122267669437,1.618886242901631,-0.2683164439961111,0.19439404425375786
25017368902,-2.905231560891941,1.6475087012273306,-0.24812662346095787,0.20247359721526034
25017369000,11.545608479570744,1.8867924528301927,1.240511602841403,0.2700186599734251
25017369100,3.3159057923208906,-0.9124839714233346,0.3927373573968356,-0.5201616196615504
25017370101,10.73415578132559,0.6113757098369774,1.1569206488164732,-0.09000621999113832
25017370102,6.4534129392619946,2.5107620443304626,0.7159443862723585,0.44615291453418504
25017370201,6.62109117297797,0.0171734749954168,0.7332175847666703,-0.25773773947194084
25017370202,-11.248460658838011,-0.1247939183000568,-1.1075956737877388,-0.2978123221609943
25017370300,6.765954171614553,3.752976735665868,0.7481404955970016,0.7968055130634061
25017370400,-4.558648898271542,0.3068327532515127,-0.4184516873024047,-0.17597266350153096
25017373100,-2.8222170910850224,0.7384594248030965,-0.23957497437033204,-0.05413300484206356
25017373200,7.831398161586833,2.701960065946153,0.857896097832985,0.5001243283170267
25017373300,-3.758741258741267,2.0631067961165144,-0.33605003546888734,0.31978870621628397
25017373400,-2.1789923912565428,1.1323044513647176,-0.1733138522773995,0.05704164390820946
25017373500,-0.7102959933148583,0.2152408866092514,-0.022017623498537923,-0.20182723297834537
25017373700,-0.2358490566037829,0.2358490566037829,0.02685703322470888,-0.1960099548460557
25017373800,1.8331903945111487,0.6491573548268832,0.23999697595697414,-0.07934121008196
25017373900,-0.8570831684039177,-0.3457592965744567,-0.037138751360770855,-0.3601864710237934
25017374000,-4.288164665523155,2.8759846125663984,-0.3905880359607611,0.5492480103229596
25017374100,2.672131327791704,0.1728796482872212,0.3264196018662169,-0.21378497136136762
25017374200,-1.6853036900206746,1.68643524455031,-0.1224570252351324,0.21346178924291162
25017374300,0.4620772309451695,0.2324143616046683,0.09875318236742672,-0.19697950120144464
25017374500,-1.6690856313497733,1.557061732918115,-0.12078633882338626,0.176942209856911
25017374600,2.510225623433172,0.3022531599193883,0.30974105446761163,-0.1772653919753749
25017374700,-7.868232396534282,1.138028943029866,-0.7593849821737292,0.05865755450051236
25017374800,-4.4058143114746855,0.3732368565671606,-0.4027075916256219,-0.15722810063083814
25017382100,4.688668249989007,2.105468034438545,0.5341510512994431,0.33174644459930636
25017382200,1.939569864098161,-1.2937351163216704,0.25095554614926624,-0.6277812651087687
25017382300,-3.536636319655173,-2.09058435610919,-0.3131701266436333,-0.8527160195570106
25017382400,9.803129260676442,-0.2347041582707589,1.0610119220947822,-0.3288378055331684
25017382500,-2.0836082156836824,0.2541674299322096,-0.16348795083883166,-0.19083904095070006
25017382601,3.557252495931735,1.1712309946876616,0.41759943654110554,0.06802983593585077
25017382602,7.14804063860668,4.343744275508335,0.7875007347889569,0.9635674861888257
25017383101,-9.761347143422617,0.9216431580875616,-0.9544022248463885,-0.0024238658884509737
25017383102,0.0316114702907155,-0.0423612383220368,0.05440920065907853,-0.2745432096318656
25017383200,-2.264755684567005,-1.8490108078402656,-0.182148668556457,-0.7845245925619239
25017383300,6.848693759071121,1.4597453746107265,0.7566638279687847,0.14947172978779974
25017383400,-14.949476624004925,-1.1941289613482304,-1.488851976291686,-0.5996644208027384
25017383501,9.51422791045432,-2.946968309214135,1.0312510505906474,-1.0944562441651695
25017383502,-14.131701631701633,3.155339805825242,-1.4046097377333648,0.6281044472272286
25017383600,10.788582486695688,-0.1992123099468656,1.1625273591474132,-0.318819159860898
25017383700,8.383636803448127,-4.461668803810227,0.9147843859888409,-1.5220261868879017
25017383800,3.5654989664423624,-2.206219087745012,0.41844893810640016,-0.8853574135214796
25017383902,-0.9618133438888066,-0.291949074922158,-0.04792742124000427,-0.34499691145617334
25017384001,-8.363845274222626,-2.916056054222402,-0.810440026247898,-1.085730326966753
25017384002,-13.250703698816906,2.2016394944128947,-1.3138546538411224,0.35889374254995454
25017385100,-0.5931961120640494,-1.6280454295658444,-0.009954701271364769,-0.7221504436991187
25017385201,-8.926529445397371,-2.113482322769741,-0.8684043497197926,-0.8591796619262102
25017385202,-4.054239785371856,-0.8598186481040457,-0.3664905082252543,-0.5052952422123853
25017386100,-6.8643620530413045,-1.1105513830371905,-0.6559723249586071,-0.5760721261551519
25017387100,-20.477085807274484,-0.7602124931306093,-2.0582728755082536,-0.47717839790635613
25017387201,-8.44905880283239,-0.5804634548452015,-0.8192182090892702,-0.4264388053081163
25017387202,-1.9574372168711704,-0.9353819380838928,-0.1504905768898331,-0.526625262030752
25017388100,-10.940042661740776,-3.2618153507968515,-1.075824315245744,-1.183331326741703
25017388200,-26.43048775124248,0.1144898333028034,-2.671556372212836,-0.23026725940283008
25017388300,0.2454699388661654,0.1522714782927274,0.07643960791903626,-0.21960224949364662
25021400100,0.5030347011479108,0.771661476460892,0.10297237347505235,-0.04476072340672516
25021400200,-4.774706425649825,0.6892287964828796,-0.4407086283131075,-0.0680298359358517
25021400300,-4.020429256278305,0.4625389265433171,-0.3630075518075486,-0.1320198953909577
25021400400,1.680905572415014,0.1957776149477723,0.2243095137178791,-0.20732132899216804
25021400500,-4.038296609051329,-0.0675490016486435,-0.36484813853235337,-0.28165321623798534
25021400600,-0.2578396446320994,0.7876900531232707,0.024591695717258978,-0.04023617374828746
25021400700,-0.9695100496987266,0.0286224583256995,-0.04872028936761268,-0.25450591828733904
25021400800,0.1149008224479928,1.5250045795933147,0.06298916646854798,0.1678931105400235
25021400900,-1.330430575713592,3.349972522439998,-0.08590014120864668,0.6830454073654453
25021401000,1.6286779258477253,2.2497252244000805,0.21892933713768178,0.3724673915252817
25021401200,0.1028059990323981,0.8151676131159746,0.06174323083944842,-0.03247980290523592
25021402101,2.3807560364164218,-4.196052390547727,0.29640387989249656,-1.4470479354051564
25021402102,5.532557065575936,0.2095163949441314,0.6210833781478624,-0.20344314357064022
25021402200,6.275838940933276,-2.1077578311045926,0.6976517858996941,-0.8575637513339073
25021402300,5.995458943572146,1.924574097820127,0.6687687326796979,0.28068366988261145
25021402400,-0.6756608171702538,-0.1350980032973083,-0.018449716924303715,-0.3007209612271351
25021402500,-10.963132779170522,0.3698021615680602,-1.0782029196285678,-0.1581976469862231
25021403300,-0.995623872982364,0.4488001465469864,-0.051410377657710636,-0.13589808081247745
25021403500,-7.648876280951754,1.4677596629419156,-0.7367882405369091,0.15173400461701853
25021404100,2.055295333597229,0.9857574647371335,0.26287688478222676,0.01567433274531602
25021404202,-2.241940449487629,-0.0686938999816675,-0.17979838089247796,-0.2819763983564443
25021404302,-0.8900690504464137,0.4213225865543109,-0.0405367576219479,-0.143654451655521
25021404400,0.7704952280424067,1.1002472980399176,0.13052454090942175,0.04799254459132201
25021406101,-9.354796147248962,-1.7516944495328914,-0.9125217976773926,-0.7570541124928166
25021406102,-2.859326208382811,-2.388257922696468,-0.2433977314141542,-0.9367433703566374
25021407100,-8.290176804327743,-3.435839897417104,-0.8028511455979385,-1.2324550087476378
25021408101,7.492468223600305,-3.0236764975270205,0.8229815834994031,-1.1161094461019991
25021408102,-7.065850815850816,-3.822815533980581,-0.6767284798706232,-1.341690564787157
25021409101,3.3939723798214345,-1.979529217805464,0.40077930554828484,-0.8213673540663776
25021409102,0.4447596428728531,-0.441930756548814,0.09696922908030815,-0.38733376897444377
25021410100,-2.514898623389193,1.7734475178604183,-0.20791688270370864,0.23802363024587406
25021410300,-10.78253507498789,-4.178878915552311,-1.059598835348627,-1.442200203628256
25021410400,-13.272969169195576,-3.970507418941203,-1.3161483080674155,-1.3833810580685133
25021411100,-4.088600079166127,-2.280637479391821,-0.3700300980806475,-0.9063642512213832
25021411200,1.5305449267713342,3.2423520791353866,0.20882026851068364,0.6526662882302011
25021411302,-3.394797026872503,-2.6584539292910776,-0.29855869972057847,-1.0130143503132225
25021412100,-3.3598869683775234,-0.532377724858037,-0.29496247642749895,-0.41286515633279514
25021412200,-3.97259972731672,-1.893661842828351,-0.35808044272884537,-0.7971286951818661
25021413100,0.7691208162906236,0.7327349331379409,0.13038295731520474,-0.055748915434368475
25021413200,-13.122883405902275,2.7637845759296558,-1.3006873795790657,0.5175761627138697
25021413300,4.3074064300479336,-1.978384319472425,0.49487576226401636,-0.8210441719479145
25021413401,-8.668689800765272,2.317274226048731,-0.8418432674449334,0.3915351365144275
25021413402,-4.048742138364773,-2.3023905477193694,-0.3659241738483914,-0.9125047114721299
25021413500,-19.938591282930908,3.08550100751053,-2.002800423294556,0.6083903380011609
25021414100,-5.8978757091964695,-0.7098369664773827,-0.5564107415061504,-0.46295838469411305
25021414300,-1.6325262787526924,0.701822678146172,-0.1170202152172503,-0.06447483263279494
25021415101,-2.4387562123411186,1.818098552848511,-0.20007315158416047,0.25062773286581835
25021415102,-10.67588072305054,-1.8249679428466836,-1.0486119484374934,-0.7777377680742633
25021415200,-4.643587544530931,-2.162712951089944,-0.4272015534249316,-0.8730764930199945
25021415300,-10.344922373224264,2.594339622641513,-1.0145186189503608,0.4697452091817746
25021416101,0.8837467563882626,0.2667613115955447,0.14219102907279144,-0.18728403764763124
25021416102,6.121904824735012,0.2988184649203163,0.6817944233475397,-0.1782349383307518
25021416200,-8.337731450939003,0.3045429565854505,-0.8077499379578015,-0.17661902773845292
25021416300,-11.485684127193563,1.928008792819199,-1.1320330021493636,0.2816532162379884
25021416400,12.23886176716367,0.4396409598827659,1.3119263677637867,-0.13848353776015732
25021417100,4.193330254651009,3.6831379373511615,0.48312432394411664,0.7770914038373401
25021417200,10.46751990148217,5.406209928558354,1.1294534315386346,1.2634804921198128
25021417300,-6.20546905924266,1.361284117970328,-0.5880971498916175,0.12167806760023335
25021417400,-12.956029819237372,-0.3629327715698878,-1.2834991312412842,-0.36503420280069815
25021417501,-3.65153714210318,4.151401355559628,-0.3250065151200645,0.9092728902875271
25021417502,-1.360667634252536,5.944312145081511,-0.08901498028139121,1.4153760877960613
25021417601,-9.032359150283682,7.209424803077482,-0.8793062864743992,1.772492328694486
25021417602,6.656825878523989,3.989970690602682,0.7368987582162769,0.8637042115846529
25021417701,6.689811760566478,6.985024729803989,0.7402967644774533,1.709148633476304
25021417702,-0.8430641685358538,2.5290804176589035,-0.035694598699770284,0.4513238284295447
25021417801,0.4387122311650628,-1.525004579593329,0.0963462612657591,-0.6930640530377106
25021417802,1.0846857544970752,1.788331196189778,0.16289055054712218,0.24222499778585424
25021417901,19.37013458239873,5.421093606887705,2.0465470047111918,1.2676818596597905
25021417902,-4.053690020671148,4.821166880381021,-0.366433874787568,1.0983344295866921
25021418002,-4.937711659409764,3.655660377358487,-0.4575004425870844,0.7693350329942968
25021418003,-15.716123499142364,0.457959333211221,-1.5678273051451848,-0.13331262386479362
25021418004,8.910861151427188,1.7345209745374677,0.9690958527299701,0.22703543821823088
25021418101,1.1286669305537274,2.869115222568219,0.16742122556202396,0.5473089176121957
25021418102,-5.413807890222991,4.189183000549555,-0.5065449996233927,0.9199379001967114
25021418200,-1.0753397545850376,3.2835684191243786,-0.059622226122219256,0.6643008444947605
25021419100,4.356610370761317,2.829043780912258,0.49994445493693807,0.5359975434660974
25021419200,-2.032205216167484,3.270974537461079,-0.15819272441516666,0.6607458411917017
25021419300,-10.894687073932351,3.2835684191243786,-1.0711520566366264,0.6643008444947605
25021419400,17.113350485991994,1.1162758747023247,1.8140667430090678,0.05251709424976774
25021419500,11.522518362141009,0.9067594797581932,1.2381329984585803,-0.006625233428433588
25021419600,2.841733737960155,0.2083714966111074,0.34389101739243044,-0.2037663256890992
25021419800,-12.57146941109205,2.3699395493680164,-1.2438840415797396,0.40640151396359153
25021420100,10.701719663983813,0.5060450631983855,1.1535792759929835,-0.11973897488947248
25021420202,-8.861107446013104,-2.411155889357026,-0.8616649706351266,-0.943207012725839
25021420301,-8.792936623125302,-3.066037735849056,-0.8546424243620296,-1.128067184485023
25021420302,-12.98021946606853,-2.2680435977285214,-1.28599100249948,-0.9028092479183245
25021421100,-7.020220345692044,3.1358765341637653,-0.6720279045426631,0.6226103512134065
25021421200,1.0154154022078608,1.51813518959516,0.1557547373986532,0.16595401782926664
25021422100,-6.666721643136739,-1.1506228246931656,-0.6356126041103939,-0.5873835003012542
25021422200,9.1016295025729,-0.0217530683275342,0.9887476556071049,-0.2687259314995841
25021422301,5.031721423230856,2.987039750870121,0.569490316415673,0.5805966758135916
25021422302,-4.049291903065488,-2.4008518043597675,-0.3659808072860784,-0.9402983736596962
25021422400,-3.5314135549984584,2.121496611100927,-0.312632108985615,0.3362709942577449
25021422501,11.034877072612922,-0.2633266165964443,1.1878991392308613,-0.3369173584946669
25021422502,4.910773189075076,-0.5919124381754912,0.5570309601246946,-0.4296706264927201
25021422600,4.602904956678543,-2.2107986810771294,0.5253162350203854,-0.8866501419953214
25021422700,1.6751330430575706,0.6182450998351356,0.22371486262217247,-0.08806712728038045
25021422800,-0.8120024629458626,0.4465103498809313,-0.03249480947049791,-0.13654444504939742
25021423100,-2.9607577956634543,2.50389265433229,-0.25384660066727033,0.44421382182342317
25021440100,0.0327109996921279,-3.4862154240703376,0.054522467534450676,-1.246675021959883
25021441203,-7.622762457668124,-2.4718355010075044,-0.7340981522468119,-0.9603356650042228
25021441204,-6.831101288648469,-0.7361696281370129,-0.6525460019785885,-0.47039157341869153
25021442101,-3.436029379425598,-1.3051840996519672,-0.3028062075470472,-0.6310130862933745
25021442102,9.908409200862016,-4.437625938816623,1.0718572254116994,-1.5152393624002352
25021442201,-4.132031490522053,-2.534804909324066,-0.3745041396578611,-0.9781106815195347
25021442202,-8.858083740159216,-1.6269005312328275,-0.8613534867278528,-0.7218272615806618
25021443101,-14.061881514711708,-3.7575563289979854,-1.3974172911472091,-1.323269184034931
25021443102,0.37933764348859,-2.450082432679981,0.09022984999564247,-0.9541952047534833
25021456101,14.704556449839464,-3.2286132991390275,1.5659273357866903,-1.1739590453063564
25021456102,-3.793376434885872,-4.139952372229342,-0.3396179420431216,-1.4312120116006073
25021456200,-4.52373883977657,-3.7564114306649534,-0.4148554640093259,-1.3229460019164698
25021456301,-7.547994458371816,0.967439091408682,-0.7263960047214789,0.01050341884995334
25021456302,3.4835840260368585,-2.435198754350612,0.4100105558911467,-0.9499938372135005
25021456401,7.429795047719573,-2.11233742443671,0.8165253716031677,-0.8588564798077493
25021456402,-6.9009214056384,-4.260166697197285,-0.6597384485647446,-1.4651461340389194
25021457100,-15.643279676298544,-0.6949532881480138,-1.5603233746517546,-0.45875701715413025
25021457200,-1.976129216695256,0.6926634914819516,-0.15241611377116723,-0.06706028958047477
25023500101,-5.809638474732815,1.2582432679978055,-0.5473210747575041,0.09259167693882324
25023500103,-9.00597044464969,-0.2003572082799039,-0.8765878814654582,-0.31914234197936103
25023500104,-6.048786119540836,1.874198571166886,-0.57195662015103,0.26646365667036437
25023501101,13.965122927387071,1.598278072907135,1.4897553620986614,0.18857676612147822
25023501102,4.065235079386028,0.5232185381938166,0.469928732963217,-0.11489124311256776
25023501202,-4.695265426397498,-2.3161293277157,-0.43252509656744126,-0.9163828968936496
25023502101,7.377567401152303,-2.0001373877999638,0.8111451950229724,-0.8271846321986583
25023502102,5.226063244931169,0.6571716431580867,0.5895102366377684,-0.07707893525273714
25023502200,-11.393873422175307,-1.1677962996885896,-1.1225752180557569,-0.5922312320781569
25023503102,3.0880283238773742,-1.918849606154964,0.36926279747587704,-0.8042387017879875
25023504101,-14.833201389805184,1.30518409965196,-1.476874004221043,0.10584214379568935
25023505102,-5.603476711967275,0.92393295475361,-0.5260835356251538,-0.0017775016515328953
25023505200,-5.050963187755642,-2.3069701410514654,-0.46916693075045623,-0.9137974399459657
25023506102,-4.949531600474998,-4.407858582157907,-0.4587180614973401,-1.5068366273202756
25023506202,-20.036999164357645,-3.252656164132631,-2.0129378086403964,-1.1807458697940232
25023506203,-13.18583146413335,1.6841454478842302,-1.3071719081941429,0.21281542500598472
25023506204,-21.61289967893741,-0.5403920131892335,-2.17527755776808,-0.415127431162016
25023507101,-4.753265602322216,-3.116413262502292,-0.43849992424334383,-1.1422871976972684
25023507104,-8.307219510049705,-3.696876717347493,-0.804606782166214,-1.3061405317565433
25023508101,-0.8925429915995977,-2.934374427550836,-0.04079160809153585,-1.0909012408621108
25023508102,3.760665435193737,-1.961210844477012,0.43855380848502484,-0.8161964401710148
25023508200,5.960274002726834,-1.8284026378457556,0.6651441926677776,-0.7787073144296403
25023509101,-9.010093679905005,-1.1815350796849202,-0.8770126322481054,-0.5961094174996767
25023509102,-30.00615736464793,-2.17072723942114,-3.0399002509243123,-0.8753387678492152
25023510100,-4.359908958965562,-2.4489375343469515,-0.39797869957881893,-0.9538720226350228
25023510200,-4.146050490390111,-2.6183824876351007,-0.3759482923188611,-1.0017029761671197
25023510300,-0.209735233320139,-0.4270470782194544,0.0295471215148075,-0.38313240143446364
25023510400,-3.2235453226019266,-0.3858307382304446,-0.280917383881306,-0.3714978451698993
25023510501,-2.2444143906408067,-1.239924894669353,-0.18005323136206527,-0.6125917055411434
25023510502,-2.2048313321898227,-0.0973163583073822,-0.17597562384865398,-0.2900559513179511
25023510503,-6.777499230329418,-2.058527202784393,-0.6470242418041763,-0.843666920240124
25023510600,-11.094526542639748,-2.774088660926921,-1.0917383112355847,-1.0456557442776975
25023510700,-1.9821766284030424,-4.63798314709654,-0.15303908158571589,-1.571796233130758
25023510800,-2.96982891322514,-0.2129510899432132,-0.254781052389094,-0.32269734528242255
25023510900,-3.611679201301843,0.003434694999084,-0.32090059088781014,-0.2616159248934612
25023511000,-7.154637815015174,-0.3068327532515109,-0.6858747800569553,-0.3491982789961516
25023511100,-4.6067533095835,-1.8764883678329376,-0.4234071130999529,-0.7922809634049663
25023511200,-1.0242116374191848,-0.3022531599193994,-0.05435531641739648,-0.34790555052231137
25023511301,-14.85656638958526,-0.937671734749954,-1.4792809253227075,-0.5272716262676737
25023511302,-1.5176254563047014,-1.2925902179886428,-0.1051838267408207,-0.6274580829903087
25023511400,-6.595252232044685,-0.850659461439824,-0.628250257211179,-0.5027097852647051
25023511500,-4.140827725733385,-0.8334859864444044,-0.37541027466084165,-0.4978620534878037
25023511600,-7.424847165413203,-0.5209287415277526,-0.7137101146797553,-0.40963333514819283
25023511701,-13.84582398733342,-1.348690236307018,-1.375160350136506,-0.6432940067948547
25023511702,0.3092426441483056,-3.474766440740062,0.08300908669064327,-1.2434432007752831
25023520100,9.326483265162516,0.9285125480857276,1.0119107316207883,-0.00048477317769090927
25023520201,1.447255574614065,-1.601712767906207,0.20024030270121498,-0.7147172549745382
25023520202,-18.364614944803627,-0.2140959882762416,-1.8406588911987747,-0.3230205274008827
25023521101,0.6847319347319356,-0.4247572815533971,0.12168972463036334,-0.38248603719754304
25023521102,-21.36797950477196,-1.2147371313427389,-2.150047361278849,-0.6054816989350216
25023521201,5.730747240181202,-1.1884044696830929,0.6414997324337611,-0.5980485102104386
25023521202,-6.553470114790873,-2.9549825975453388,-0.6239461159470231,-1.0967185189943924
25023522101,-7.830023749835071,-0.9994962447334714,-0.7554489582545338,-0.5447234606645209
25023523100,-13.93598539824955,-2.5691518593148928,-1.3844482339170538,-0.9878061450733342
25023523201,-15.105609799006023,-1.4872229346034054,-1.5049358725945856,-0.6823990431285273
25023523202,-0.5148546422131375,-0.2186755816083518,-0.0018844364010709407,-0.32431325587472265
25023524101,-7.862734749527206,-1.5181351895951636,-0.758818647796867,-0.6911249603269507
25023524102,-1.1852926947266589,-1.6028576662392382,-0.07094891365947277,-0.7150404370929992
25023525101,-2.815345032326164,-0.2152408866092727,-0.23886705639925299,-0.3233437095193437
25023525104,-10.965331837973338,-4.392974903828545,-1.0784294533793113,-1.502635259780295
25023525203,-14.585807274486516,-2.809580509250786,-1.4513889572622205,-1.0556743899499599
25023525204,-9.954589435721507,-5.774867191793362,-0.9743088781931106,-1.8927160767616475
25023530200,-2.50610238817786,2.0138761677962997,-0.20701074770072805,0.3058918751224965
25023530300,-3.794750846637641,-2.444357941014836,-0.33975952563733713,-0.9525792941611814
25023530400,-12.38619870695343,-2.798131525920496,-1.2247985730794688,-1.052442568765356
25023530500,-14.083872102740033,0.5564205898516263,-1.39968262865466,-0.10551896167722535
25023530600,16.854411311958486,-3.511403187396965,1.7873923938588367,-1.2537850285660086
25023530700,-1.6655121607951742,-2.050512914453193,-0.12041822147842587,-0.8414046454109022
25023530801,9.042804679597133,0.0011448983330311,0.9826878777746743,-0.2622622891303805
25023530802,-19.45892158156309,-0.4488001465469899,-1.9533877489132878,-0.3892728616852066
25023530901,-7.548819105422879,-2.0928741527752344,-0.7264809548780085,-0.8533623837939276
25023530902,4.428904428904431,-4.490291262135919,0.5073917519926822,-1.5301057398494022
25023540101,-10.324031314597349,-3.372870489100574,-1.0123665483182818,-1.214679992232335
25023540102,-4.311529665303254,-0.5804634548452086,-0.392994957062428,-0.4264388053081183
25023541100,-8.838841975634423,0.1202143249679394,-0.8593713164088325,-0.22865134881053067
25023542101,-23.93180718652416,-1.1655065030225344,-2.414157397928752,-0.591584867841237
25023542102,-0.8455381096890555,-0.2198204799413794,-0.03594944916936006,-0.3246364379931826
25023542200,0.0252891762325724,-0.567869573181909,0.053757916125686464,-0.42288380200505954
25023542300,-3.539934907859436,-0.3755266532331927,-0.3135099272697524,-0.36858920610375845
25023543100,-23.06922637111316,0.5289430298589473,-2.3252995341990004,-0.11327533252026988
25023544100,9.804778554778554,-2.3665048543689338,1.0611818224078398,-0.9306029101058947
25023544200,0.6022672296257205,0.5827532515112672,0.1131947089774233,-0.09808577295264383
25023545100,3.320029027576197,-0.538102216523173,0.3931621081794821,-0.41448106692509457
25023545200,-2.7133636803448127,0.3308756182450993,-0.22836155370845057,-0.16918583901386916
25023545300,-3.3425693803052283,0.8701227331013008,-0.29317852314038256,-0.016967061219155907
25023545400,-7.513634164577564,0.4465103498809331,-0.7228564148660876,-0.13654444504939692
25023560100,-7.452335400448604,-2.410010991024002,-0.7165417865640682,-0.94288383060738
25023561100,-32.7000043981176,-1.3784575929657592,-3.317404095587018,-0.6516967418748212
25023561200,-2.012688569292344,3.2469316724674844,-0.15618223737730394,0.6539590167040376
25025000100,33.405077626775736,5.203562923612395,3.4923420354038917,1.2062772571523734
25025000201,-0.658892993798645,2.3825334310313195,-0.016722397074871356,0.40995651726665133
25025000202,3.912400492589171,2.277202784392756,0.4541846372864343,0.3802237623683252
25025000301,0.9057373444165931,1.0498717713867052,0.14445636658024277,0.03377253137908292
25025000302,-2.061617627655366,2.129510899432134,-0.16122261333138177,0.3385332690869688
25025000401,4.875038483529046,4.173154423887155,0.5533497866750868,0.9154133505382677
25025000402,1.839512688569286,2.630976369298409,0.2406482604903656,0.48008703697249794
25025000502,-8.64752385978801,3.923566587287041,-0.839662880094012,0.844959648713962
25025000503,-2.0000439811760486,0.2930939732551678,-0.15487966831051883,-0.17985084892305475
25025000504,-3.5756696134054664,4.025462538926547,-0.31719110071936013,0.8737228572569153
25025000601,-13.807615340634207,6.222522440007339,-1.3712243262173103,1.4939093425818735
25025000701,8.773145093899814,5.710752885143798,0.9549091765895608,1.3494469356301995
25025000704,24.55963847473282,4.991756732002187,2.5811383397507064,1.1464885652372463
25025000802,14.015151515151516,7.28155339805825,1.4949090049281126,1.7928528021574737
25025010103,11.151702071513393,8.402408866092692,1.199933744739193,2.109248096129925
25025010104,9.104103443726087,2.6057886059717816,0.9890025060766932,0.4729770303663724
25025010203,-11.930168887716064,8.972568235940656,-1.1778211365187108,2.270192791123063
25025010204,-17.547939481901736,7.457867741344572,-1.7565299195158242,1.8426228484003326
25025010300,17.228801073140698,6.74459607986811,1.825959764923184,1.6412803885996823
25025010404,-6.6499538197651376,7.556328997984984,-0.6338852842609622,1.870416510587903
25025010405,11.881789594053744,18.28517127679062,1.275142949986555,4.8989561426776165
25025010408,-1.5280709856181574,2.055092507785318,-0.10625986205686,0.3175264313870631
25025010701,-4.9665743061969465,0.6709104231544245,-0.4604736980656141,-0.07320074983121538
25025010702,-0.2523419976250096,1.1655065030225131,0.025158030094122555,0.06641392534354786
25025010802,-1.0998042837665452,1.8146638578493963,-0.06214241409925783,0.24965818651042937
25025020101,0.3235365263667233,1.6337699212309928,0.08448155607048695,0.1985954117937386
25025020200,-2.142158156309094,4.695228063747933,-0.16951941195241899,1.0627843965560784
25025020301,-2.255959449355672,3.6098644440373695,-0.1812425335534764,0.7564077482558934
25025020302,2.276025860931512,2.775233559259945,0.28561521001326096,0.5208079838984734
25025020303,-0.8078792276905631,2.155843561091785,-0.03207005868785206,0.3459664578115532
25025030100,11.626973655275547,5.779446785125472,1.2488933516189709,1.3688378627378044
25025030200,8.874851563530811,6.693075654881838,0.96538636256152,1.626737193268974
25025030300,1.2518142235123264,0.8953104964279248,0.18010711560374618,-0.009857054613031345
25025030400,0.1421141751330452,4.335729987177146,0.06579252163401834,0.9613052113596068
25025030500,0.112151998944455,1.8822128594980825,0.06270599928011693,0.26872593149958524
25025040200,6.789319171394638,5.99583257006779,0.750547416698667,1.4299192831267715
25025040300,6.237080529533358,5.51383037186298,0.6936591285428125,1.2938596112550609
25025040401,18.336302062717152,4.245283018867923,1.9400478251421673,0.9357738240012554
25025040600,14.568489686414225,2.6206722843011505,1.5519105599593408,0.47717839790635513
25025040801,20.68297268768967,11.17764242535263,2.181787653905997,2.892641551277238
25025050101,7.552942340678189,10.234246198937534,0.8292112616448918,2.6263394856661044
25025050200,15.094614504991863,10.318968675581605,1.606108759825097,2.650254962432152
25025050400,28.08280555922065,15.106933504304813,2.9440737251631446,4.001802581832343
25025050500,21.215694682675817,14.717668071075291,2.2366654550239895,3.8919206615559063
25025050600,29.41680960548885,16.40181351895952,3.0814947617088713,4.367321557810732
25025050700,17.77004442098782,12.29620809672101,1.8817153843253136,3.208390481012767
25025050901,7.9861569248361715,15.37026012090126,0.87383841054167,4.076134469078169
25025051000,11.576120420460043,7.836829089576842,1.2436547586329907,1.949596129610628
25025051101,7.724743809649475,7.75096171459974,0.8469092109218506,1.9253574707261194
25025051200,29.454193605137004,11.932130426818098,3.0853458354715375,3.1056185673424515
25025060101,35.96423230857192,3.953333943945779,3.755970687833462,0.8533623837939276
25025060200,11.086829836829835,9.162621359223294,1.1932509990922133,2.3238410227874375
25025060301,17.989400536570344,6.679336874885507,1.9043121259621332,1.6228590078474543
25025060400,17.712319127413473,6.205348965011893,1.8757688733682558,1.4890616108049648
25025060501,7.901493160927117,8.70237222934604,0.8651168611379842,2.1939218111664758
25025060800,26.785360865549546,7.617008609635475,2.8104188122235563,1.8875451628662903
25025061000,22.03704314553371,12.668300054955123,2.321275810927271,3.313424669512305
25025061200,23.78969301139112,2.533660010991028,2.501823210271089,0.45261655690338864
25025070101,6.444341821700306,1.978384319472425,0.7150099345505345,0.29587322945023137
25025070200,28.21997185204733,14.066220919582335,2.9582037678658692,3.7080300361521
25025070300,-1.8375885121168096,2.446647737680891,-0.13814448747422745,0.4280547159004182
25025070500,-4.318401724062113,5.955761128411794,-0.3937028750335071,1.4186079089806631
25025070600,6.628238114087168,1.0544513647188154,0.7339538194565911,0.03506525985292284
25025070700,12.28971500197916,2.1443945777615028,1.3171649607497655,0.3427346366269515
25025070800,13.60447728372256,4.9688587653416505,1.4526038269764705,1.1400249228680506
25025070900,23.468355543827244,6.633540941564391,2.468720965943467,1.6099317231090513
25025071101,20.09527422263272,7.13615130976369,2.121246509019379,1.7518086731130393
25025071201,4.922593130140314,13.539567686389432,0.5582485790349507,3.559366261660445
25025080100,0.4255178783480673,4.121633998900897,0.09498705876128857,0.9008701552075636
25025080300,0.0659717640849724,1.378457592965744,0.05794879051447027,0.12652579937713385
25025080401,11.453797774552491,5.225315991939917,1.2310538187477964,1.2124177174031125
25025080500,8.021616748031843,3.7598461256640414,0.8774912672724341,0.7987446057741683
25025080601,0.8667040506663142,10.806695365451548,0.14043539250451742,2.787930544896161
25025080900,-9.209658266262052,3.489650119069438,-0.8975705701282211,0.7224736258175848
25025081100,19.68624928530589,9.24505403920132,2.0791112313807956,2.3471101353165675
25025081200,11.212725953291992,10.472385052207368,1.2062200563223686,2.6935613663058096
25025081300,4.293387430179882,6.069106063381572,0.4934316096030171,1.450602938708215
25025081400,-17.681532304173814,11.201685290346203,-1.770291844873588,2.899428375764896
25025081500,-5.092195540308747,2.5657171643158083,-0.4734144385769261,0.4616656562202706
25025081700,-0.2122091744733261,-0.2633266165964461,0.029292271045219233,-0.3369173584946674
25025081800,-7.8209526322733876,-0.2244000732734932,-0.7545145065327105,-0.3259291664670236
25025081900,3.1515261468091644,4.234978933870675,0.3758039595286414,0.9328651849351156
25025082000,-5.1864801864801855,-1.092233009708739,-0.48312707314012077,-0.5709012122597893
25025082100,0.6118881118881117,2.063106796116504,0.1141857941369329,0.3197887062162811
25025090100,-3.5127215551743856,0.37209195823411,-0.3107065721042822,-0.1575512827493046
25025090200,2.1913620970224743,-0.6159553031690788,0.2768936606095769,-0.4364574509803822
25025090300,-4.894830012754539,0.170589851621175,-0.45308303444755627,-0.21443133559828503
25025090400,1.014865637507147,2.6332661659644607,0.15569810396096634,0.4807334012094169
25025090600,-9.741830496547475,-0.1946327166147661,-0.9523917378085256,-0.3175264313870611
25025090700,20.74454633416897,11.282973071991208,2.188130598926858,2.922374306175568
25025091001,14.282612042045995,7.367420773035363,1.5224611723624804,1.8170914610419853
25025091100,14.03411839732594,6.673612383220373,1.4968628585282884,1.6212430972551555
25025091200,17.48911465892598,11.13299139036453,1.8527756976676313,2.8800374486572915
25025091300,-8.80530632889123,1.029263601392195,-0.8559166767099703,0.02795525324679928
25025091400,1.2672076351321628,0.1328082066312514,0.18169285185896264,-0.2250963455074684
25025091500,10.60825966486344,2.821029492581061,1.1439515915863185,0.5337352686368765
25025091600,1.7240621014205892,3.43469499908408,0.22875523857625,0.7069608841314957
25025091700,5.744491357698905,0.7876900531232813,0.6429155683759179,-0.04023617374828445
25025091800,-1.2900228702115497,1.8490108078402656,-0.08173758353870639,0.25935365006424077
25025091900,3.459944143906407,-0.8437900714416529,0.4075753180706369,-0.5007706925539437
25025092000,2.2507366846989463,2.7363070159369838,0.2830100718796934,0.5098197918708272
25025092101,7.566961340546246,10.803260670452469,0.8306554143058916,2.786960998540782
25025092200,-1.556383867704625,6.086279538376992,-0.10917648409770278,1.455450670485117
25025092300,3.0734595593086134,2.510762044330466,0.3677620113771914,0.44615291453418604
25025092400,-0.9706095791001452,0.438496061549734,-0.04883355624298547,-0.13880671987861853
25025100100,2.9824735013414263,3.2057153324784764,0.35838917744011456,0.6423244604394738
25025100200,5.435798478251311,3.6327624106979286,0.6111158931150794,0.7628713906250952
25025100300,14.377446452918152,2.50732734933138,1.5322304403633622,0.4451833681788051
25025100400,0.1610810573074701,3.120992855834402,0.06774637523419408,0.6184089836734252
25025100500,-0.5461912301534966,3.51369298406302,-0.005112542349187886,0.7292604503052453
25025100601,19.4690922285262,8.945090675947974,2.0567410234947214,2.262436420280017
25025100603,27.19328627347495,7.374290163033528,2.8524408229867655,1.8190305537527451
25025100700,-0.2908255266745811,7.015936984795751,0.021193689456083405,1.7178745506747284
25025100800,15.457459207459207,3.7014563106796095,1.6434868286980329,0.7822623177327017
25025100900,14.745513920042216,2.650439640959881,1.570146526894317,0.4855811329863186
25025101001,-7.912488454941286,0.0080142883311964,-0.7639439739074739,-0.26032319641962065
25025101002,5.899250120948235,2.5336600109910243,0.658857881084602,0.45261655690338765
25025101101,0.6918788758411374,3.889219637296211,0.12242595932028444,0.8352641851601617
25025101102,1.63500021990588,0.5907675398424601,0.21958062167107506,-0.09582349812342397
25025110103,16.898667370365487,7.448708554680344,1.791951385592581,1.8400373914526509
25025110201,-1.0101926375511283,1.601712767906207,-0.052911163756396686,0.18954631247685516
25025110301,-9.92077890662796,3.071762227514192,-0.9708259217754054,0.6045121525796392
25025110401,3.596285789682014,5.249358856933505,0.42162041061683087,1.2192045418907747
25025110403,26.94946562871091,0.842645173108636,2.8273238933729066,-0.024723432062196415
25025110501,-12.817489114658912,1.997847591133897,-1.2692275049443429,0.301367325464052
25025110502,17.92700224303998,5.819518226781462,1.8978842307847426,1.3801492368839106
25025110601,-9.522199498614595,2.975590767539842,-0.9297666794528626,0.5773648546289909
25025110607,-3.8153670229142014,2.237131342736774,-0.34188327955057285,0.3689123882222209
25025120103,-3.6625324361173455,0.9685839897417026,-0.3261391838737902,0.010826600968411346
25025120104,8.606291507234914,3.49766440740062,0.9377209282517797,0.7247359006468015
25025120201,10.574998900470597,6.815579776515847,1.140525268606299,1.661317679944209
25025120301,12.421933412499447,7.98452097453746,1.3307853025133116,1.9912866228919832
25025120400,-7.573558516954733,3.670544055687856,-0.7290294595738893,0.7735364005342797
25025120500,17.40610018911906,9.250778530866448,1.844224048577005,2.348726045908865
25025120600,-1.0577472841623743,5.827532515112665,-0.05780995611625829,1.3824115117131335
25025120700,-0.6204094647490876,4.905889357025089,-0.012758056436833668,1.1222499063527387
25025130100,2.700444209878171,0.0251877633266133,0.32933622390705963,-0.25547546464272
25025130200,-2.3920262127809337,0.9640043964096066,-0.19525930938082817,0.00953387249457544
25025130300,-4.114164137749043,0.6651859314892761,-0.3726635529330578,-0.0748166604235183
25025130404,-10.336126138012936,4.169719728888083,-1.0136124839473806,0.9144438041828907
25025130406,-4.232088666050931,2.4821395860047595,-0.3848114253167621,0.43807336157268156
25025140102,4.745294014161935,-2.1947701044147294,0.5399842953811279,-0.8821255923368778
25025140105,-0.5445419360513668,-0.8025737314526538,-0.004942642036128522,-0.4891361362893824
25025140106,13.62454369529841,4.800558710386522,1.4546709474520199,1.0925171514544116
25025140107,11.648964243303864,3.285858215790441,1.2511586891264208,0.6649472087316823
25025140201,2.1399590975062672,0.0080142883311964,0.27159843418591095,-0.26032319641962065
25025140202,-11.203105071029595,-1.1036819930390216,-1.102923415178622,-0.574133033444391
25025140300,2.652614680916571,0.4396409598827553,0.3244091148283549,-0.1384835377601603
25025140400,-7.88500021990588,-0.772806374793916,-0.7611123020231604,-0.4807334012094169
25025160101,1.3263073404582857,3.071762227514196,0.18778094641023654,0.6045121525796403
25025160200,6.894599111580243,7.982231177871405,0.7613927200155876,1.9906402586550633
25025160300,6.368749175352953,7.250641143066495,0.7072228368686739,1.7841268849590513
25025160400,17.946518889915115,9.436252060816996,1.8998947178226049,2.401081549099405
25025160501,7.367671636539561,1.4460065946143974,0.81012579314462,0.14559354436628041
25025160502,2.4601970356687346,2.628686572632347,0.30458741163816133,0.479440672735576
25025160601,-3.670229141927255,3.4736215424070345,-0.3269320520013975,0.71794907615914
25025160602,4.292287900778465,-0.8025737314526431,0.49331834272764447,-0.48913613628937935
25025170100,-4.905550424418351,-1.0212493130609983,-0.45418738648243884,-0.5508639209152614
25025170200,-2.781809385582969,1.3006045063198393,-0.2354124167003906,0.10454941532184649
25025170300,2.5979130931961123,-1.590263784575928,0.318774087778571,-0.7114854337899374
25025170400,7.304723578308483,2.5508334859864448,0.8036412645295423,0.4574642886802894
25025170501,1.7367066895368843,6.184740795017394,0.23005780764303502,1.483244332672684
25025170502,4.840953072085149,4.500595347133171,0.5498385135385389,1.00784343641786
25025170601,2.566026740555042,3.985391097270565,0.31548934839276754,0.862411483110811
25025170701,5.870387474161057,6.223667338340356,0.6558846256060726,1.4942325247003305
25025170702,0.1388155869287946,7.02166147646089,0.06545272100790053,1.7194904612670288
25025170800,-1.4021748691560028,4.699807657080054,-0.0932908048267049,1.0640771250299215
25025180101,-15.11248185776488,3.714050192342917,-1.5056437905656646,0.7858173210357629
25025180200,-12.88538505519638,4.158270745557793,-1.2762217344985987,0.911211982998287
25025180301,-4.586412015657295,5.2859956035904005,-0.4213116759055605,1.229546369681498
25025180400,9.548863086598937,3.620168529034622,1.0348189571648827,0.7593163873220344
25025180500,-9.96750890618815,1.6200311412346622,-0.9756397639787382,0.19471722637221883
25025981300,-0.8109029335444404,3.677413445686028,-0.032381542595124754,0.7754754932450415
