geoid,House Prices 2010,Percentage with Bachelor Degree or Higher 2010,Percentage Professional Workers 2010,Household Income 2010,Contract Rent 2010
25009201100,576300.0,24.821570182394925,55.01272264631043,81831.0,1098.0
25009202101,465900.0,33.0567081604426,68.24644549763033,106276.0,1073.0
25009202102,335000.0,10.219951121972896,45.388272583201264,69647.0,1146.0
25009202200,569300.0,36.336779911373704,63.793103448275865,105909.0,1253.0
25009203100,597600.0,34.14969100480659,59.86675126903553,115000.0,1702.0
25009203200,691400.0,32.0890635232482,55.7853057633084,102321.0,888.0
25009203301,497500.0,21.240105540897098,56.0853199498118,73674.0,927.0
25009203302,623800.0,32.75912408759124,65.4363873208858,80148.0,1010.0
25009204101,350600.0,10.051357300073366,35.39755351681958,57564.0,951.0
25009204102,336000.0,16.329479768786126,42.64,69913.0,867.0
25009204200,332900.0,18.04553026096613,38.54314002828854,42717.0,823.0
25009204300,273400.0,14.511041009463725,33.07479224376731,37569.0,865.0
25009204400,355600.0,21.254801536491676,50.13668671405139,56552.0,937.0
25009204500,297700.0,22.577854671280274,48.41823056300268,63578.0,1065.0
25009204600,346600.0,9.593544530783024,41.37812821391841,62606.0,908.0
25009204701,327300.0,15.376782077393075,37.765765765765764,58066.0,970.0
25009204702,334600.0,8.934388087482551,37.75182481751825,65922.0,1017.0
25009205100,294500.0,5.941644562334218,28.96341463414634,63144.0,995.0
25009205200,278100.0,6.473274241203331,33.45539280958722,67813.0,934.0
25009205300,305000.0,6.390274314214464,30.020964360587005,71472.0,1132.0
25009205400,349200.0,15.061058344640434,37.8535170413343,93125.0,1088.0
25009205500,243300.0,2.3786249592701205,17.524881003894418,47656.0,988.0
25009205600,273700.0,5.806451612903226,23.058823529411764,44440.0,625.0
25009205700,272200.0,9.850175326745298,32.589473684210525,60216.0,1004.0
25009205800,232500.0,4.202586206896552,18.443427076520603,45402.0,934.0
25009205900,265900.0,4.143947655398037,24.392764857881136,42061.0,901.0
25009206000,263000.0,0.5891805034815212,10.4091888011486,34332.0,876.0
25009206100,333600.0,6.232558139534883,15.467625899280577,29157.0,693.0
25009206200,352200.0,3.506311360448808,15.933098591549296,37041.0,891.0
25009206300,261900.0,1.8821198613174839,10.95166163141994,32422.0,650.0
25009206400,267300.0,5.781584582441114,26.88588007736944,50472.0,877.0
25009206500,257800.0,6.801152737752162,16.86390532544379,41328.0,745.0
25009206600,299300.0,10.328775094559209,23.77503195568811,43785.0,845.0
25009206700,233000.0,13.284772806104753,39.268292682926834,34738.0,887.0
25009206800,244800.0,5.902273826802128,18.714555765595463,15601.0,439.0
25009206900,242300.0,11.904,25.77873254564984,19035.0,657.0
25009207000,128800.0,3.923019985196151,9.645390070921986,20585.0,624.0
25009207100,281300.0,1.5864022662889519,8.19672131147541,29833.0,940.0
25009207200,296600.0,4.269005847953217,17.2787979966611,23632.0,685.0
25009208101,347900.0,7.10352422907489,41.43028365960847,64162.0,1107.0
25009208102,361200.0,6.021897810218978,32.42009132420091,72457.0,1059.0
25009208200,326100.0,3.4275248560962845,30.783652043494563,50577.0,826.0
25009208300,367000.0,5.85480093676815,34.48368832569425,75996.0,460.0
25009208400,409900.0,13.660693507097976,45.09803921568628,82964.0,1437.0
25009209100,512800.0,20.434990439770555,49.3939393939394,81481.0,514.0
25009209200,600400.0,22.621967838648132,53.04189435336977,101250.0,1250.0
25009210100,420300.0,15.76451995258791,38.272921108742004,84588.0,603.0
25009210200,372900.0,11.565967940813811,35.294117647058826,87923.0,1031.0
25009210300,335800.0,13.274605103280681,39.681637293917,54684.0,1627.0
25009210400,355700.0,11.639574553481838,42.1602787456446,75426.0,1109.0
25009210500,361800.0,10.672030288689067,33.23503391329991,73232.0,1134.0
25009210600,340100.0,5.690492713393477,34.689922480620154,61480.0,553.0
25009210700,326100.0,8.153564899451554,29.422894985808895,50938.0,855.0
25009210800,331100.0,2.1967821782178216,18.077093486929552,37313.0,723.0
25009210900,353200.0,9.79020979020979,32.032967032967036,54205.0,611.0
25009211100,374900.0,10.44943820224719,37.452107279693486,60849.0,970.0
25009211200,332000.0,14.359214218896167,43.56435643564357,67800.0,989.0
25009211300,451700.0,12.929292929292929,50.72197427146232,92428.0,1313.0
25009211401,425100.0,21.097234611953613,45.175169022741244,68224.0,1400.0
25009211402,401600.0,15.997423233841529,43.183925811437405,81693.0,879.0
25009212100,458300.0,15.059944161602889,44.81815695925622,87728.0,733.0
25009213100,656800.0,28.98234477286253,60.08682328907048,143045.0,557.0
25009214100,563900.0,24.315498618437577,53.62169584620666,115015.0,509.0
25009215101,600500.0,36.710009071666164,54.23576871358136,103354.0,938.0
25009215102,419700.0,22.011585044760402,56.8502824858757,86927.0,1726.0
25009216100,624300.0,24.898291293734744,43.584070796460175,132697.0,441.0
25009217100,400400.0,16.827888300784817,44.27560911710768,74068.0,1178.0
25009217201,359300.0,11.393728222996517,45.84395716471188,59292.0,919.0
25009217202,353100.0,16.899338721528288,46.28627643876045,74133.0,977.0
25009217300,336500.0,7.576328684508105,26.574803149606304,46319.0,782.0
25009217400,309200.0,12.423780487804878,49.863163656267105,54287.0,884.0
25009217500,410800.0,25.26943361614309,52.647887323943664,77364.0,931.0
25009217600,533700.0,18.796858264905392,50.301758068748356,95625.0,600.0
25009218100,743200.0,22.69025554619489,60.378188214599824,105000.0,1091.0
25009220101,579500.0,21.12109012078043,49.13928012519562,67478.0,844.0
25009220102,433600.0,28.132387706855795,56.88456189151599,82826.0,873.0
25009221100,465200.0,17.39505462909718,42.75805793553651,87813.0,1023.0
25009221300,459500.0,18.047419804741978,42.34429065743945,70431.0,987.0
25009221400,334900.0,5.8391180073499385,28.483491885842195,60299.0,858.0
25009221500,340700.0,7.00472711645896,23.283582089552237,39262.0,702.0
25009221600,302500.0,4.270696452036794,23.04832713754647,34085.0,518.0
25009221700,325500.0,6.768558951965066,32.44444444444444,41346.0,832.0
25009221800,412700.0,19.71119133574007,51.35135135135135,78542.0,1404.0
25009221901,421600.0,19.617622610141314,33.43711083437111,68702.0,1286.0
25009221902,425000.0,16.653726708074533,47.45762711864407,75403.0,985.0
25009222100,498400.0,15.977058582548137,49.088145896656535,76989.0,1077.0
25009223100,544700.0,20.25658338960162,62.1,72074.0,736.0
25009223200,376500.0,12.02664796633941,48.35526315789473,63297.0,759.0
25009223300,464600.0,26.502875065342398,47.08835341365462,103952.0,1405.0
25009250200,262600.0,6.420055029043106,21.079389910050843,45426.0,867.0
25009250300,285800.0,2.5092250922509227,8.19112627986348,32209.0,746.0
25009250400,240200.0,0.15090543259557343,4.102564102564102,22761.0,575.0
25009250500,218600.0,4.551988500239578,8.15426997245179,40869.0,829.0
25009250600,262700.0,6.390328151986183,20.854861437294506,45787.0,846.0
25009250700,263800.0,1.0606060606060608,9.994288977727013,28815.0,808.0
25009250800,304300.0,2.4242424242424243,18.37109614206981,40355.0,903.0
25009250900,178700.0,6.6302652106084246,24.35754189944134,25679.0,674.0
25009251000,312500.0,2.3001095290251916,14.61187214611872,21902.0,726.0
25009251100,244400.0,2.501421262080728,15.084745762711865,15059.0,445.0
25009251200,164300.0,5.676328502415459,10.128913443830571,19406.0,724.0
25009251300,198100.0,1.9720101781170483,7.769145394006658,15394.0,603.0
25009251400,245500.0,4.3769855277091425,26.600728787090056,40909.0,843.0
25009251500,244000.0,1.4913232104121477,24.953993375046007,38221.0,836.0
25009251600,268300.0,1.054713249835201,12.94171638366223,29750.0,758.0
25009251700,279600.0,12.478632478632479,25.624421831637374,46233.0,854.0
25009251800,254100.0,7.517547100110823,31.032852753486175,54845.0,844.0
25009252101,254500.0,8.075601374570446,39.679605668515094,55765.0,851.0
25009252102,358500.0,18.06375442739079,49.158066268332426,84741.0,231.0
25009252201,306600.0,11.84857423795477,34.105763517528224,67188.0,871.0
25009252300,288000.0,8.023922252678794,34.57975986277873,43363.0,824.0
25009252400,240100.0,2.4489795918367347,18.893756845564074,41657.0,752.0
25009252501,269000.0,7.590759075907591,36.40710382513661,53496.0,913.0
25009252502,312600.0,8.820935019112026,37.05473501303215,62407.0,928.0
25009252601,283100.0,9.344978165938866,49.925749925749926,64620.0,874.0
25009252602,385800.0,13.69500496195832,34.22789265288165,86118.0,1054.0
25009252603,358000.0,10.423770092547493,45.017381228273464,89545.0,829.0
25009253100,340000.0,19.59696261682243,43.78378378378379,53430.0,784.0
25009253201,342100.0,19.205298013245034,57.518248175182485,70137.0,685.0
25009253202,308900.0,17.288055093801947,42.25158271401046,77383.0,1164.0
25009253203,582100.0,28.79581151832461,57.02564102564103,126964.0,1574.0
25009253204,572600.0,34.72177025707777,63.08373590982287,142188.0,1590.0
25009253205,617400.0,32.22222222222222,65.46726636681659,147813.0,1425.0
25009254100,431700.0,30.019351717464925,62.671576832942755,74688.0,906.0
25009254200,480900.0,23.451327433628318,61.224489795918366,71494.0,612.0
25009254301,598500.0,41.76214934808376,79.20847268673356,126795.0,1200.0
25009254302,591600.0,32.16580976863753,67.71929824561404,140469.0,788.0
25009254401,539800.0,34.84018264840182,67.84565916398714,121989.0,1714.0
25009254402,628000.0,33.14890546066876,71.4238845144357,131797.0,1137.0
25009254403,626200.0,29.941434846266475,60.38723181580325,136659.0,1200.0
25009260100,199500.0,2.6923076923076925,16.15263983272347,30659.0,651.0
25009260200,273400.0,4.697040864255519,28.68277474668745,32245.0,764.0
25009260301,289500.0,5.952380952380952,41.0958904109589,70444.0,747.0
25009260302,340000.0,8.63482875060299,43.16807738814994,78808.0,1055.0
25009260401,290600.0,10.406937958639093,43.31065759637188,85855.0,731.0
25009260402,309700.0,10.765270301895624,45.92700729927007,84233.0,955.0
25009260500,306100.0,17.085597826086957,50.36460865337871,91294.0,878.0
25009260600,269000.0,8.789153810191678,34.99152063312606,56458.0,941.0
25009260700,257600.0,7.241495453014483,34.57005674378001,55096.0,841.0
25009260800,276400.0,3.451776649746193,22.828185328185327,38987.0,844.0
25009260900,237800.0,7.13855421686747,29.985855728429982,44292.0,804.0
25009261000,276300.0,10.0647016534867,34.25047438330171,55284.0,925.0
25009261101,362800.0,19.838056680161944,52.5869380831213,106071.0,639.0
25009261102,249700.0,7.699167657550535,38.23915900131406,66189.0,1000.0
25009262100,351800.0,14.609053497942387,44.602851323828915,75517.0,846.0
25009263100,496000.0,26.496674057649667,61.718020541549954,111739.0,982.0
25009264100,369700.0,12.143202709240446,43.35664335664335,84232.0,1191.0
25009265101,413000.0,13.801452784503631,44.44444444444444,86786.0,837.0
25009265102,472200.0,18.85031728256812,52.77777777777778,108190.0,1121.0
25009266100,378400.0,18.870673952641166,43.21445113478462,88824.0,742.0
25009266200,279700.0,14.985740212600469,45.54086130891828,64179.0,769.0
25009266300,330900.0,11.584196394322976,40.1031894934334,74730.0,835.0
25009266400,326800.0,15.045087802562884,49.35574229691877,71200.0,907.0
25009267101,338100.0,10.839913854989232,38.782763216348286,62311.0,815.0
25009267102,319100.0,8.07631160572337,30.137557315548147,63347.0,890.0
25009268100,,,,,
25009268200,449300.0,18.91661335039454,53.10366232153941,81225.0,929.0
25009268300,380700.0,18.355033343918702,56.09436435124508,64290.0,961.0
25009268400,493300.0,20.9919261822376,53.5182119205298,64259.0,971.0
25009269100,488200.0,19.49740034662045,50.37037037037037,91052.0,1044.0
25009270100,447300.0,14.293006636038797,37.634408602150536,74911.0,1042.0
25017300100,286700.0,12.365591397849462,36.529126213592235,80143.0,721.0
25017301101,290800.0,5.487804878048781,37.195767195767196,68940.0,738.0
25017301102,292500.0,9.571162212554382,44.091580502215656,85313.0,745.0
25017310100,204500.0,17.279784002699966,51.88284518828452,32190.0,720.0
25017310200,241700.0,5.531428571428571,35.24254821741671,65290.0,804.0
25017310300,212700.0,7.5860336598844516,22.961513372472275,47344.0,821.0
25017310400,190600.0,3.6979166666666665,17.1238570241064,46793.0,915.0
25017310500,256400.0,7.879146919431279,43.17155756207675,56328.0,953.0
25017310601,270500.0,8.772342427093132,37.68323203432249,58590.0,833.0
25017310602,240400.0,9.790922998470169,37.41496598639456,54764.0,747.0
25017310700,271000.0,3.9312039312039313,29.36802973977695,43214.0,690.0
25017311100,253000.0,6.722054380664652,22.711471610660485,35151.0,1044.0
25017311200,209900.0,1.5508328546812178,17.087667161961367,42899.0,625.0
25017311300,273700.0,7.170356111645813,29.425156516789986,54764.0,886.0
25017311400,287700.0,6.408382066276803,29.646522234891677,46250.0,950.0
25017311500,304300.0,12.650312650312651,25.016722408026755,49863.0,749.0
25017311600,280900.0,11.326206298757585,42.916041979010494,63750.0,832.0
25017311700,237700.0,2.283737024221453,20.45896538311941,56869.0,884.0
25017311800,258100.0,3.681546249424758,19.98562185478073,43250.0,828.0
25017311900,194900.0,4.41988950276243,33.18729463307776,25163.0,492.0
25017312000,210900.0,3.138373751783167,17.391304347826086,60691.0,787.0
25017312100,225400.0,6.586102719033232,22.641509433962266,44254.0,758.0
25017312200,219700.0,4.132231404958678,37.988560533841756,60457.0,860.0
25017312300,238600.0,5.152722443559097,33.8577515568666,59211.0,917.0
25017312400,214700.0,0.43668122270742354,34.82688391038696,30583.0,624.0
25017312501,335700.0,17.068134893324157,42.80373831775701,80179.0,916.0
25017312502,320700.0,23.55015673981191,47.79698828778584,74861.0,862.0
25017313101,410800.0,18.81851400730816,53.246753246753244,106111.0,748.0
25017313102,351000.0,9.683143219264892,40.4268109407875,81156.0,962.0
25017314101,294900.0,8.775923115832068,34.624697336561745,67572.0,978.0
25017314102,276900.0,4.914400805639477,36.92346680182463,63404.0,961.0
25017314200,307100.0,9.241379310344827,43.659773702692156,67784.0,903.0
25017314301,292600.0,8.388128665363425,35.465363365915856,75605.0,906.0
25017314302,,,,,
25017315100,389000.0,10.582822085889571,49.03448275862069,98234.0,1010.0
25017315200,371700.0,14.078784667019962,44.86778504407165,73466.0,1144.0
25017315401,325500.0,10.24170421958214,41.626506024096386,65565.0,490.0
25017315402,,,,,
25017315403,343700.0,6.666666666666667,38.67924528301887,74224.0,970.0
25017315500,342600.0,8.05408583186361,37.80366881507189,86296.0,1134.0
25017316101,380800.0,12.118518518518519,40.33613445378151,93291.0,1013.0
25017316102,381900.0,13.392200147167035,44.96336996336996,86514.0,837.0
25017316201,,,,,
25017316202,,,,,
25017316300,337000.0,14.209065679925995,50.159018627896415,78542.0,1148.0
25017316400,346700.0,8.867344525892646,35.94139650872818,90375.0,1406.0
25017316500,358100.0,8.193091231178034,42.56736300333031,84589.0,1072.0
25017317101,329300.0,25.770308123249297,61.8669314796425,75050.0,889.0
25017317102,350200.0,17.80479084733643,56.57828914457229,84719.0,1124.0
25017317103,,,,,
25017317202,416800.0,26.921512810085403,61.91931540342298,124219.0,1528.0
25017317203,335800.0,21.883561643835616,60.69489685124865,79674.0,953.0
25017317301,350300.0,18.594104308390023,46.75,68452.0,1130.0
25017317302,291700.0,19.760625305324865,51.683657707754094,74000.0,766.0
25017318100,407200.0,28.604118993135014,61.46404385682038,101471.0,1319.0
25017318200,361000.0,28.497409326424872,63.561924257932446,115029.0,954.0
25017318300,492900.0,32.68449197860963,69.61889425657542,135694.0,1594.0
25017318400,509600.0,33.31993569131833,67.87234042553192,146705.0,595.0
25017320102,544100.0,26.877076411960132,58.97755610972568,124107.0,1071.0
25017320103,555000.0,29.76827094474153,68.33205226748656,108346.0,342.0
25017320104,539900.0,26.04672681008559,61.18266978922716,123537.0,1198.0
25017321100,365600.0,17.796289284361986,50.61762283832007,74650.0,935.0
25017321200,309900.0,10.066225165562914,33.838973162193696,65984.0,947.0
25017321300,328900.0,10.835172921265636,33.4575260804769,50520.0,823.0
25017321400,353900.0,19.95525727069351,49.079143852663016,100455.0,1587.0
25017321500,346900.0,12.76595744680851,45.91227614845575,72818.0,802.0
25017321600,351000.0,18.505203405865657,56.326253953908726,83095.0,1134.0
25017322100,376100.0,16.354556803995006,54.574383452665074,95087.0,1137.0
25017322200,362000.0,12.378902045209902,46.10995850622407,83357.0,837.0
25017322300,302500.0,12.270772017206248,38.95988112927192,61946.0,907.0
25017322400,321600.0,10.436241610738255,37.34736842105263,71341.0,996.0
25017323100,460000.0,31.62684869169511,57.34423456442064,117440.0,1418.0
25017324101,389300.0,23.583780560524747,51.216333622936574,101667.0,478.0
25017324102,417000.0,23.14709236031927,58.99538698103537,106101.0,661.0
25017325100,314400.0,13.676411694032838,43.169398907103826,55863.0,788.0
25017326101,502900.0,38.25301204819277,68.18897637795276,118080.0,433.0
25017326102,455600.0,22.30392156862745,65.42682926829269,126167.0,1328.0
25017327101,360300.0,16.37971149371801,41.24801692226335,96719.0,785.0
25017327102,292700.0,9.973554967888175,39.29440389294404,69716.0,985.0
25017327103,374200.0,17.030397505845674,57.59962928637628,93625.0,681.0
25017328100,472600.0,14.675260287555774,48.714883442916914,113594.0,522.0
25017330100,503700.0,19.10338517840805,48.184742647058826,106848.0,428.0
25017330200,392100.0,11.269517990495586,41.61352040816326,85833.0,1270.0
25017331101,443200.0,15.048320294523702,47.55325273459988,94111.0,1578.0
25017331102,392300.0,16.524403589406873,45.219482862297056,93412.0,1424.0
25017331200,378100.0,10.959302325581396,39.42057291666667,91827.0,1302.0
25017331300,415100.0,11.870740822158716,42.72801972062449,105996.0,846.0
25017332100,450200.0,18.50175967823027,47.61286131860994,110673.0,1449.0
25017332200,442100.0,20.168067226890756,48.66490257397162,80048.0,1353.0
25017332300,424000.0,19.11464708282334,42.409375851730715,81378.0,1224.0
25017332400,429300.0,29.411764705882355,55.6989247311828,97788.0,1685.0
25017333100,396000.0,16.62125340599455,44.545196939642956,74911.0,1176.0
25017333200,394700.0,12.206319200648123,44.63633344403852,76700.0,884.0
25017333300,360200.0,4.359069080162541,26.034308779011102,59516.0,964.0
25017333400,365800.0,9.647371922821025,41.092289719626166,71307.0,1045.0
25017333501,385400.0,13.550996821727823,41.613982893268876,82390.0,1087.0
25017333502,377200.0,8.670066692820715,29.549071618037136,57292.0,836.0
25017333600,369400.0,19.55351803866853,49.31540342298288,71654.0,1272.0
25017334100,504000.0,27.684835402050727,59.62603878116344,111678.0,1186.0
25017334200,446400.0,27.495559502664296,58.684210526315795,103424.0,1055.0
25017334300,499200.0,21.08830728676332,56.448412698412696,117857.0,405.0
25017334400,381700.0,21.20413096022852,45.708466686063424,79325.0,812.0
25017335100,406400.0,15.134633240482822,50.87475701194113,84783.0,969.0
25017335200,445000.0,21.012720156555773,44.614443084455324,92396.0,884.0
25017335301,368200.0,17.06710853355427,52.65531062124249,72857.0,932.0
25017335302,436600.0,14.82322413233863,52.616279069767444,98016.0,1072.0
25017335400,402500.0,16.363636363636363,55.599567879006116,98358.0,966.0
25017336100,438400.0,23.365191146881287,60.93203883495145,81352.0,825.0
25017336200,458800.0,18.614296169797512,54.815573770491795,104811.0,1239.0
25017336300,425100.0,21.68863077953987,57.34286565385761,95217.0,887.0
25017336401,343100.0,20.07377805102982,50.810810810810814,62143.0,1161.0
25017336402,430400.0,16.31164283629997,47.18649517684887,70053.0,873.0
25017337101,419000.0,20.850884582982307,57.16034271725826,78975.0,775.0
25017337102,435900.0,11.449987076764021,49.48529411764706,94511.0,1043.0
25017337201,385800.0,16.090482287665388,47.97979797979798,60020.0,991.0
25017337202,415100.0,12.35135135135135,43.22208487845076,76364.0,1111.0
25017337300,408800.0,14.154989991421218,42.49709189608375,73750.0,1208.0
25017338100,617000.0,41.86046511627907,71.42857142857143,125673.0,1413.0
25017338200,450900.0,26.70080468178493,56.043956043956044,69231.0,1063.0
25017338300,817100.0,49.575471698113205,71.02102102102103,124432.0,1454.0
25017338400,792300.0,39.65607087024492,73.9881764438381,160551.0,1683.0
25017338500,730100.0,44.75544246536613,76.95776957769579,140795.0,1031.0
25017339100,438000.0,18.761977769260252,60.697197539302806,67421.0,603.0
25017339200,447700.0,22.219598583234948,58.25439783491204,88879.0,1282.0
25017339300,408500.0,27.418593676262386,52.09832134292566,74407.0,1181.0
25017339400,405400.0,21.181818181818183,45.65597667638484,47464.0,947.0
25017339500,371900.0,27.880027266530334,49.03581267217631,80683.0,1188.0
25017339600,403200.0,15.426997245179063,44.18604651162791,72500.0,1229.0
25017339700,415800.0,9.045560359161955,38.78260869565218,60000.0,1064.0
25017339801,371300.0,16.369327073552427,49.63123644251627,80847.0,1645.0
25017339802,423100.0,14.236001265422335,39.45378151260504,50703.0,1106.0
25017339900,380700.0,11.526567332021367,36.0803324099723,54624.0,1068.0
25017340000,356300.0,4.708994708994709,33.925811437403404,47854.0,1085.0
25017340100,360500.0,11.624235247681074,46.31550218340612,86263.0,1340.0
25017341101,383900.0,17.830478700043916,40.087010565568676,70101.0,1100.0
25017341102,421700.0,17.61484636446608,51.23482628714944,47376.0,956.0
25017341200,341500.0,5.443998215082552,31.867768595041323,48782.0,1055.0
25017341300,344700.0,26.262626262626267,52.62976968030251,43693.0,1080.0
25017341400,375600.0,10.10345586616773,25.75268817204301,63156.0,989.0
25017341500,315400.0,6.71484492622704,26.001381215469614,56902.0,1016.0
25017341600,336300.0,9.371625998704383,39.39310344827586,51103.0,1039.0
25017341700,355100.0,13.012167866898436,34.493041749502986,66808.0,626.0
25017341800,311500.0,9.387755102040817,26.229994072317727,50231.0,1015.0
25017341901,324500.0,4.8732943469785575,26.82170542635659,53594.0,1095.0
25017341902,347500.0,11.221052631578948,40.41511194029851,64531.0,1242.0
25017342101,359300.0,7.075928917609047,29.64705882352941,63315.0,1099.0
25017342102,330000.0,3.1019775106630476,18.769096464426017,45192.0,871.0
25017342201,343600.0,4.028697571743929,16.193286610106973,44012.0,981.0
25017342202,364400.0,9.514003294892916,28.003972194637537,50380.0,803.0
25017342300,362400.0,6.2096594702871135,28.235619469026545,51136.0,984.0
25017342400,328700.0,4.601076847772883,22.611570247933884,44327.0,962.0
25017342500,369600.0,4.117032392894462,19.03581267217631,46192.0,892.0
25017342600,382900.0,3.4646739130434785,14.564831261101244,57628.0,966.0
25017350103,464900.0,17.536534446764094,32.46153846153847,67500.0,1176.0
25017350104,353200.0,11.17129316181449,33.764044943820224,47231.0,1103.0
25017350200,366300.0,14.547728220091704,40.856031128404666,59978.0,1127.0
25017350300,363800.0,19.947780678851174,38.634978671541745,71383.0,1095.0
25017350400,520700.0,37.40629685157421,65.05734862630035,75000.0,1457.0
25017350500,606900.0,28.96606156274665,66.13207547169812,80050.0,1393.0
25017350600,591200.0,38.36805555555556,54.177594604720866,76050.0,1432.0
25017350700,519700.0,15.295850724281856,47.4171813587872,48155.0,1077.0
25017350800,513500.0,34.25655976676385,67.58104738154613,60647.0,1474.0
25017350900,574100.0,46.309963099631,76.08607389362567,76175.0,1434.0
25017351000,448300.0,40.10892822408092,66.93597253080186,76710.0,1405.0
25017351100,470300.0,27.344110854503462,60.69348127600554,56187.0,1128.0
25017351203,501000.0,34.531662269129285,58.6241610738255,79241.0,1313.0
25017351204,417900.0,32.75050437121722,67.17557251908397,74886.0,1267.0
25017351300,498800.0,16.764018691588785,42.45585874799358,56658.0,946.0
25017351403,436600.0,7.5142160844841595,26.984834968777875,35453.0,861.0
25017351404,389500.0,11.484823625922887,23.587889742431088,40783.0,1022.0
25017351500,434900.0,8.93169877408056,22.5253807106599,39343.0,1022.0
25017352101,,,,,
25017352102,641000.0,34.498252621068396,71.75398633257403,74185.0,1252.0
25017352200,365100.0,22.082018927444793,58.19366852886406,33583.0,679.0
25017352300,389000.0,34.75499092558984,69.04615384615384,60543.0,1667.0
25017352400,385700.0,19.801980198019802,46.24338624338624,29315.0,643.0
25017352500,473900.0,30.004043671653864,65.9690627843494,70408.0,1304.0
25017352600,412000.0,30.31618102913825,58.57623318385651,56940.0,1234.0
25017352700,562500.0,24.024226110363394,48.79328436516264,32702.0,817.0
25017352800,472700.0,28.155339805825243,56.42286416717886,80256.0,1289.0
25017352900,665400.0,48.69565217391305,71.56663275686674,71667.0,1565.0
25017353000,399400.0,37.495987158908505,75.1221679253665,52192.0,1334.0
25017353101,370700.0,31.958128078817733,58.33807626636312,50714.0,1589.0
25017353200,505700.0,47.31267163593566,67.68617021276596,61590.0,1588.0
25017353300,554800.0,37.48581157775256,61.71073094867807,94526.0,1510.0
25017353400,469400.0,35.501113585746104,63.462619449128724,49844.0,1117.0
25017353500,537700.0,38.298943130347254,60.03811944091486,65577.0,1388.0
25017353600,847600.0,66.90419635787806,77.26829268292683,60144.0,1441.0
25017353700,578000.0,48.465829846582984,71.78387650085763,53649.0,1397.0
25017353800,466300.0,58.64886951784255,85.34899792674499,80620.0,1620.0
25017353900,581500.0,54.785643070787636,79.60941987363584,38043.0,1446.0
25017354000,609800.0,53.03907380607815,84.67289719626169,65139.0,1475.0
25017354100,,,,,
25017354200,,,,,
25017354300,490700.0,38.860630722278735,65.36072623029145,74323.0,1410.0
25017354400,625000.0,59.28888888888889,73.34801762114537,101406.0,1474.0
25017354500,780000.0,56.21011291114384,77.64782326185835,79514.0,1394.0
25017354600,603000.0,37.13884992987377,62.01646090534979,59327.0,1202.0
25017354700,637500.0,50.20020020020019,80.01193317422435,90238.0,1712.0
25017354800,530900.0,43.96600566572238,79.47112038970077,86122.0,1290.0
25017354900,450500.0,22.12965373600625,52.131376659678544,41649.0,1037.0
25017355000,542300.0,32.77939343581222,70.58165548098434,68409.0,950.0
25017356100,511500.0,38.13196229648671,64.0787315472936,85188.0,1288.0
25017356300,441400.0,25.212539851222104,52.00144248106744,61415.0,1158.0
25017356400,543000.0,36.98149951314508,63.024109014675055,98720.0,1188.0
25017356500,459400.0,22.450641156116426,58.882560347165715,92731.0,1082.0
25017356601,482600.0,39.13461538461539,66.16853466168536,74527.0,1066.0
25017356602,477700.0,46.495726495726494,68.7041564792176,85950.0,1057.0
25017356701,520900.0,39.465811965811966,67.93642093724308,75438.0,1296.0
25017356702,544400.0,34.56416464891041,68.45390070921987,84304.0,893.0
25017357100,657100.0,44.51367255105573,77.24243977447462,95605.0,1421.0
25017357200,685000.0,42.69985639061752,62.37684729064039,117083.0,1234.0
25017357300,561300.0,44.53089244851259,68.24249165739711,82457.0,1434.0
25017357400,701500.0,55.44303797468354,76.82819383259913,104250.0,1426.0
25017357500,607600.0,41.159586681974744,68.33192209991532,79348.0,1581.0
25017357600,444700.0,31.230116648992578,57.77295733911786,92125.0,1293.0
25017357700,531300.0,29.54887218045113,56.51465798045603,68234.0,1153.0
25017357800,740000.0,42.83914321713566,63.47058823529412,116976.0,593.0
25017358100,661000.0,49.59393611261505,79.37076861808045,131382.0,1527.0
25017358300,659600.0,46.1000838691641,65.93212869105332,115656.0,1957.0
25017358400,716400.0,45.541125541125545,75.13181019332161,138750.0,1665.0
25017358500,736300.0,50.31092685815813,76.27416520210897,152961.0,333.0
25017358600,654300.0,54.943153732081065,72.82495667244368,122238.0,1572.0
25017358700,,,,,
25017359100,537400.0,34.84470641577874,68.44135802469135,104353.0,1209.0
25017359300,533000.0,31.188430098511844,62.67929634641407,109201.0,1218.0
25017360200,871600.0,49.32556713672594,73.96423898822503,143792.0,1612.0
25017361100,671600.0,36.05626183391939,68.47430190206394,114869.0,1560.0
25017361200,634200.0,26.303468823153864,60.93281985451433,112845.0,1500.0
25017361300,875400.0,41.227851260294486,70.35971223021583,131453.0,931.0
25017362100,812300.0,51.392,72.22777222777222,155000.0,1807.0
25017363102,457300.0,36.6142817755721,61.08228317272053,84559.0,1000.0
25017363103,555900.0,35.75282000980873,55.61993047508691,116033.0,1192.0
25017363104,498800.0,46.35694338664636,69.77762803234502,116538.0,925.0
25017363201,480100.0,44.23264907135875,76.41261498028909,130238.0,733.0
25017363202,470400.0,39.08450704225352,66.70673076923077,109205.0,967.0
25017364101,336600.0,17.61040368463831,48.611599297012305,73205.0,841.0
25017364102,347000.0,21.19693396226415,50.97029702970297,79569.0,887.0
25017365100,686600.0,42.562074269391346,72.61006289308176,155568.0,1719.0
25017365201,599100.0,39.29950358521787,72.61585599387207,158472.0,572.0
25017365202,633300.0,33.357400722021666,65.11961722488037,140104.0,276.0
25017366100,483500.0,30.680359435173298,61.0989010989011,98438.0,1200.0
25017366202,669200.0,48.661950169178716,72.03751065643648,135500.0,1689.0
25017367100,963300.0,49.831144465290805,69.23937360178971,164972.0,1264.0
25017367200,,,,,
25017368101,419600.0,22.608062166100048,54.66428995840761,78333.0,1787.0
25017368102,398300.0,23.383084577114428,50.312650312650305,90000.0,1298.0
25017368200,441000.0,29.29258241758242,51.120331950207465,89583.0,1582.0
25017368300,402600.0,10.18415797648103,34.585034013605444,56228.0,1002.0
25017368400,406900.0,23.767979250176847,49.59141981613892,63125.0,1299.0
25017368500,331500.0,21.892925430210326,45.498915401301524,44676.0,978.0
25017368600,462400.0,17.663117663117664,38.29209414604707,61250.0,1072.0
25017368700,367100.0,15.114795918367346,35.23809523809524,43036.0,973.0
25017368800,379600.0,11.618257261410788,43.57021996615905,61489.0,958.0
25017368901,453400.0,19.268153230417383,40.37451472939027,75551.0,1304.0
25017368902,475000.0,20.49079754601227,46.46860986547085,45259.0,1296.0
25017369000,389400.0,12.313725490196079,53.322528363047006,54942.0,1082.0
25017369100,445100.0,14.721485411140584,44.29860541427399,72724.0,1134.0
25017370101,388900.0,22.819089900110985,56.117755289788406,72800.0,881.0
25017370102,426600.0,20.616385911179172,55.1465245822233,67340.0,1194.0
25017370201,551000.0,27.76478449716004,51.04722792607803,87453.0,1327.0
25017370202,483800.0,39.91935483870967,68.37868915293215,85571.0,1383.0
25017370300,408200.0,17.57837837837838,54.93630573248408,62037.0,1263.0
25017370400,399800.0,26.369593709043247,53.14268692284778,85170.0,1284.0
25017373100,630600.0,38.360128617363344,72.7237504843084,79205.0,1379.0
25017373200,467800.0,20.436974789915965,41.17104656523743,60729.0,1255.0
25017373300,561900.0,38.798701298701296,72.47828991315966,98438.0,1447.0
25017373400,620200.0,46.96969696969697,77.55775577557755,94750.0,1662.0
25017373500,941900.0,59.648,75.03834355828221,140893.0,1568.0
25017373600,,,,,
25017373700,888500.0,65.57911908646004,85.0412821758135,204156.0,1194.0
25017373800,678600.0,49.469273743016764,71.52203856749311,100648.0,1483.0
25017373900,782200.0,44.65395772896809,70.1492537313433,113276.0,1631.0
25017374000,652100.0,43.717277486910994,64.23699914748508,114081.0,406.0
25017374100,532000.0,36.00902643455835,72.39057239057239,77115.0,1351.0
25017374200,698800.0,55.079423716291096,76.02393005062126,121429.0,1406.0
25017374300,875700.0,55.54047942107644,80.69007263922518,189265.0,731.0
25017374400,,,,,
25017374500,608300.0,30.019620667102682,65.48984995586937,95987.0,1299.0
25017374600,522200.0,29.3909973521624,54.23482370047255,100106.0,1328.0
25017374700,617400.0,39.954998392799745,71.49284253578733,107212.0,1392.0
25017374800,698500.0,47.511312217194565,61.48255813953488,121083.0,1714.0
25017382100,425200.0,19.670234307202776,57.55395683453237,97234.0,839.0
25017382200,424000.0,24.377533294730746,52.824858757062145,93750.0,1238.0
25017382300,640400.0,32.56846780162842,67.72486772486772,118125.0,1046.0
25017382400,446400.0,23.035413153457,45.561594202898554,80843.0,792.0
25017382500,440700.0,27.46212121212121,52.877558903051366,79482.0,1167.0
25017382601,231500.0,30.333441243120753,61.717129821650765,74073.0,1185.0
25017382602,404800.0,23.817863397548162,54.85110470701249,81779.0,286.0
25017383101,340700.0,4.101188194710617,18.382817435249528,45104.0,913.0
25017383102,303300.0,3.667033370003667,17.047110247693055,26235.0,592.0
25017383200,311000.0,7.274731330945164,24.039320822162647,53435.0,949.0
25017383300,342600.0,13.492779783393502,28.06652806652807,63291.0,940.0
25017383400,299500.0,17.382087970323266,37.793355684242606,55250.0,953.0
25017383501,346800.0,15.282505105513955,41.07312440645774,37600.0,810.0
25017383502,384500.0,29.281122150789013,37.5388198757764,63793.0,920.0
25017383600,374700.0,14.396052349281272,36.052705354639755,69554.0,1095.0
25017383700,356400.0,14.200542005420056,41.32791327913279,85500.0,1082.0
25017383800,360600.0,17.18377088305489,48.96858140272929,95324.0,1081.0
25017383901,378900.0,24.925971085176798,46.4696223316913,88830.0,974.0
25017383902,430600.0,34.361001317523055,56.089965397923876,125820.0,760.0
25017384001,369400.0,21.642619311875695,58.11170212765957,89659.0,1219.0
25017384002,447800.0,30.88452088452088,54.29017160686428,83109.0,1200.0
25017385100,469000.0,21.144945188794154,52.278401997503124,91893.0,912.0
25017385201,369600.0,17.647058823529413,41.46191646191646,72708.0,1134.0
25017385202,339900.0,26.338497744655815,56.9634703196347,99570.0,902.0
25017386100,762700.0,43.81481481481482,76.4793635007459,145250.0,1339.0
25017387100,425400.0,26.225310899780542,58.66604039455143,111755.0,791.0
25017387201,364400.0,24.72165991902834,54.30531732418525,90132.0,903.0
25017387202,432500.0,23.34248724990192,59.299895506792055,107679.0,907.0
25017388100,512700.0,35.42752068648483,65.42491268917345,102222.0,934.0
25017388200,312000.0,12.043251304996272,46.90531950485112,72598.0,929.0
25017388300,209000.0,2.9399585921325055,23.983315954118876,18002.0,424.0
25021400100,663800.0,43.77865094957433,75.9702725020644,71667.0,1455.0
25021400200,647500.0,51.33568548387096,69.0793283149971,70489.0,1762.0
25021400300,868800.0,55.176565008025676,75.27105921601334,108109.0,1756.0
25021400400,655800.0,47.74655355249205,72.27272727272728,63125.0,1515.0
25021400500,685200.0,49.493487698986975,77.80634104541559,103906.0,1867.0
25021400600,703600.0,51.381509032943676,78.27854964418842,121673.0,1696.0
25021400700,696500.0,47.536124490552055,75.90252707581227,121983.0,1723.0
25021400800,557800.0,43.48057477381586,77.93764988009593,70083.0,1376.0
25021400900,425700.0,49.01243599122165,72.52165543792107,64948.0,1565.0
25021401000,668600.0,36.77478300593878,58.76180482686254,78026.0,1220.0
25021401100,,,,,
25021401200,717000.0,52.477854919798894,71.06741573033707,128993.0,1720.0
25021402101,362700.0,15.594246782740347,47.992351816443595,87071.0,1215.0
25021402102,347800.0,13.93562545720556,38.60257680872151,64811.0,1005.0
25021402200,344000.0,4.304869442484121,40.142729705619985,70625.0,1303.0
25021402300,402200.0,18.13953488372093,49.49406071271447,82972.0,1344.0
25021402400,398200.0,17.922403003754695,46.074734316078164,80911.0,1167.0
25021402500,634900.0,24.109149277688605,61.471610660486675,123438.0,1365.0
25021403100,644000.0,43.16360207449316,69.41943495808755,129240.0,1142.0
25021403300,709400.0,38.58001502629602,70.64425770308124,134966.0,1321.0
25021403400,684800.0,41.00877192982456,64.95511669658886,100259.0,531.0
25021403500,594400.0,34.275528393175456,60.69802731411229,99212.0,1685.0
25021404100,822500.0,44.53507340946166,61.51669496321449,128625.0,639.0
25021404202,920300.0,49.76525821596244,65.71760604299826,179792.0,1760.0
25021404302,701500.0,33.26000879894412,64.3324607329843,104365.0,1677.0
25021404400,914800.0,48.254883125200124,57.66403484889736,105903.0,829.0
25021406101,607700.0,32.8099173553719,59.53202915228232,112375.0,979.0
25021406102,578800.0,34.064516129032256,60.731786997713165,133070.0,834.0
25021407100,358800.0,18.73854052071874,43.80952380952381,85472.0,1060.0
25021408101,417800.0,18.094135802469136,45.618365835596144,105417.0,539.0
25021408102,371600.0,15.362225097024579,45.925020374898125,93966.0,806.0
25021409101,467800.0,7.780689377141706,46.14235938277751,108750.0,675.0
25021409102,454700.0,22.968906720160483,58.74945722970038,115343.0,406.0
25021410100,414500.0,9.911460895228725,39.67459324155194,95118.0,758.0
25021410300,407600.0,21.98335644937587,57.39564428312159,108077.0,1190.0
25021410400,383200.0,18.692687514695507,51.67255915148219,86121.0,1122.0
25021411100,396600.0,16.569661695161876,47.572339382050025,93009.0,1081.0
25021411200,450300.0,13.587487781036167,39.857420609202855,77708.0,1137.0
25021411301,,,,,
25021411302,379600.0,19.360505973295854,59.465240641711226,83309.0,896.0
25021412100,651100.0,31.7905316053954,64.0506329113924,120859.0,527.0
25021412200,720900.0,33.993015133876604,67.2741679873217,108646.0,1325.0
25021412300,,,,,
25021413100,376400.0,12.220428867881024,39.487345879299156,75640.0,1020.0
25021413200,342900.0,14.082035534108355,39.520776463451625,69076.0,895.0
25021413300,435900.0,14.176127646517337,45.66067240031275,81167.0,1253.0
25021413401,419300.0,14.577006507592191,46.862634256642174,65861.0,1061.0
25021413402,370500.0,25.294117647058822,53.05729417428984,69018.0,1269.0
25021413500,467400.0,11.543492478744277,32.88186606471031,74630.0,1280.0
25021414100,459500.0,36.18439322410442,61.281138790035584,122340.0,1623.0
25021414300,407400.0,35.44018058690745,62.38489871086556,77888.0,808.0
25021415101,453600.0,20.91346153846154,53.10760667903524,92438.0,1128.0
25021415102,376800.0,20.355844652764493,58.06874836001049,77352.0,1089.0
25021415200,518900.0,18.219366681964203,56.98689956331878,82083.0,1238.0
25021415300,523700.0,20.369592608147837,58.51005981511691,116667.0,1279.0
25021416101,557600.0,20.906666666666666,59.480519480519476,97766.0,715.0
25021416102,609300.0,25.346534653465348,57.519379844961236,96397.0,725.0
25021416200,442600.0,22.481489791339467,50.637825845812536,91813.0,1166.0
25021416300,550300.0,38.66077068856602,61.54175588865096,101042.0,1102.0
25021416400,463000.0,24.75478748248482,53.23569482288828,106548.0,1141.0
25021417100,399700.0,24.688796680497926,40.88766692851532,69631.0,954.0
25021417200,336900.0,16.039804351492663,36.17021276595745,63229.0,1008.0
25021417300,379200.0,33.50961538461538,64.92679821769573,68304.0,1181.0
25021417400,479700.0,21.593533487297922,43.792517006802726,88306.0,1125.0
25021417501,360500.0,15.560263653483991,41.114754098360656,69028.0,1213.0
25021417502,343700.0,10.08962127782596,38.67158671586716,54982.0,1058.0
25021417601,354000.0,11.75519007818819,48.303334316907645,68913.0,1001.0
25021417602,378600.0,10.502398384246403,38.39058524173028,55083.0,921.0
25021417701,352300.0,14.337983077978505,49.07473309608541,48089.0,931.0
25021417702,387000.0,16.294088425235966,52.62475696694751,74430.0,1064.0
25021417801,360700.0,13.104782969311584,41.396933560477,82641.0,996.0
25021417802,331200.0,4.826913700633837,21.735395189003437,20786.0,327.0
25021417901,276100.0,13.20711678832117,33.284403669724774,32699.0,807.0
25021417902,367500.0,9.885447602885025,41.63679808841099,51155.0,1031.0
25021418002,364300.0,14.364014364014363,51.281352235550706,59321.0,1179.0
25021418003,347500.0,28.87995981918634,56.96439725171768,89441.0,1551.0
25021418004,318600.0,9.455909943714822,35.735439289239885,41193.0,1058.0
25021418101,431100.0,10.938871014916643,52.5,61681.0,1087.0
25021418102,332100.0,19.441255262150783,41.18212397885632,51410.0,1108.0
25021418200,360700.0,7.768452765224875,36.27339761769711,68698.0,1112.0
25021419100,399600.0,12.560620756547042,39.45621245652861,86724.0,1238.0
25021419200,373800.0,10.31364792314213,40.05613472333601,78646.0,1116.0
25021419300,333000.0,11.285532456512517,36.21917808219178,64133.0,1063.0
25021419400,333500.0,7.056721750781598,24.922118380062305,59621.0,898.0
25021419500,435700.0,13.357079252003562,45.45454545454545,86690.0,877.0
25021419600,387600.0,14.732841493404875,51.019219569015725,84510.0,1547.0
25021419700,388800.0,10.232396808879638,43.52538505419281,74324.0,855.0
25021419800,365700.0,12.379310344827585,43.87067804220925,73750.0,965.0
25021420100,296400.0,5.746061167747914,36.14903957417265,64313.0,1063.0
25021420201,330900.0,12.033031852143138,31.395980445410103,63375.0,525.0
25021420202,316800.0,11.927740658252908,41.15338164251207,62854.0,1130.0
25021420301,315300.0,7.061844639417933,34.27785419532325,67500.0,801.0
25021420302,343200.0,8.873538788522849,45.83012573774698,66397.0,1005.0
25021421100,302800.0,3.664780382646187,25.590398761130466,53622.0,941.0
25021421200,313300.0,7.390761548064918,32.266994770839744,70951.0,880.0
25021422100,382800.0,13.074792243767314,43.349414197105446,96141.0,938.0
25021422200,340200.0,8.170334148329259,36.64101154480483,58962.0,1017.0
25021422301,364100.0,6.611969111969112,42.847638057218894,74286.0,491.0
25021422302,289100.0,15.369221532919752,48.287581699346404,73217.0,1173.0
25021422400,349000.0,7.893841442667574,35.108153078202996,58260.0,986.0
25021422501,305100.0,9.071004066312167,35.44914625092799,54861.0,967.0
25021422502,303300.0,6.327744726879395,25.974512743628186,54229.0,883.0
25021422600,348900.0,10.976972948803935,44.8036253776435,78421.0,863.0
25021422700,324200.0,4.435770049680625,33.36470588235294,73250.0,1069.0
25021422800,357400.0,9.362139917695474,43.165829145728644,61527.0,1138.0
25021423100,735300.0,30.876046559117825,66.01203674374406,114214.0,636.0
25021440100,342100.0,13.724062613760465,43.852551135086536,73645.0,960.0
25021441202,548900.0,24.67378410438909,52.45460659045057,123125.0,950.0
25021441203,369500.0,13.00430865648257,44.22062350119904,75788.0,895.0
25021441204,420800.0,15.76592082616179,48.18676337262013,95552.0,842.0
25021442101,367600.0,18.08201485308363,49.48168624740843,86471.0,1010.0
25021442102,350300.0,13.009708737864079,46.54139433551198,83654.0,1043.0
25021442201,500700.0,15.709598031173092,57.92929292929293,116161.0,1211.0
25021442202,384000.0,13.530655391120508,44.25069497093757,77361.0,965.0
25021443101,303700.0,10.755239224990115,44.75703324808184,80682.0,1250.0
25021443102,314900.0,9.909293171316106,34.77248677248677,74417.0,921.0
25021456101,355900.0,9.421607857402691,39.45291951604419,99732.0,596.0
25021456102,339200.0,12.561221549985596,36.37408968953622,59877.0,790.0
25021456200,360800.0,10.633270321361058,42.080536912751676,71750.0,1165.0
25021456301,242400.0,10.875106202209006,23.431952662721894,64173.0,1057.0
25021456302,273000.0,7.8882497945768275,40.3195131228604,46855.0,1104.0
25021456401,330300.0,8.681497558328811,31.56404812455768,47418.0,844.0
25021456402,385500.0,14.619232907170652,45.53014553014553,87308.0,1331.0
25021457100,329000.0,4.124748490945674,31.840573219883566,67313.0,1208.0
25021457200,631700.0,37.97719385225582,63.65205384880911,112361.0,1437.0
25023500101,432600.0,13.921360255047821,37.68181818181818,82428.0,1098.0
25023500103,340000.0,11.583206879109763,41.2639405204461,74227.0,1482.0
25023500104,347100.0,9.35346242205448,37.5222816399287,57470.0,1178.0
25023501101,704200.0,23.6612702366127,36.699029126213595,71205.0,760.0
25023501102,605800.0,26.361904761904764,51.525081925888585,99269.0,1302.0
25023501201,677100.0,31.173231681490893,57.809798270893374,126319.0,1563.0
25023501202,610800.0,27.11101585940849,63.19444444444444,99750.0,1832.0
25023502101,327100.0,4.6606704824202785,25.869120654396728,55593.0,811.0
25023502102,305100.0,4.194444444444445,28.04232804232804,62231.0,720.0
25023502200,301600.0,7.6891277387350145,36.46473514779046,71075.0,1113.0
25023503101,476600.0,14.070695553021665,46.77467746774677,124583.0,944.0
25023503102,464500.0,12.41956241956242,41.40818858560794,84331.0,764.0
25023504101,514000.0,15.517730496453902,54.68684321143338,96250.0,906.0
25023505101,491800.0,21.512358609132804,50.19513659561693,98480.0,922.0
25023505102,518500.0,17.667619955513185,44.123711340206185,104125.0,1150.0
25023505200,545600.0,20.42009527934171,53.88381201044387,75170.0,898.0
25023506101,472800.0,21.3515298261061,50.11600928074246,86005.0,1386.0
25023506102,470600.0,15.724037055095074,49.88249118683901,95700.0,1072.0
25023506202,451800.0,18.697829716193656,50.51851851851852,106102.0,943.0
25023506203,379800.0,13.020053876085006,42.73635664873174,74091.0,835.0
25023506204,357800.0,13.893653516295027,34.90148773622839,74786.0,1503.0
25023507101,490000.0,26.761819803746654,56.29820051413882,109394.0,836.0
25023507103,,,,,
25023507104,657800.0,26.17621899059025,59.51717734447539,107604.0,950.0
25023508101,390400.0,8.142201834862385,39.199529134785166,84907.0,1251.0
25023508102,327800.0,5.587724377533295,35.121420804639364,74205.0,888.0
25023508200,395000.0,8.981267641775725,45.595700209017615,90564.0,389.0
25023509101,444600.0,11.565081491404332,50.287356321839084,80668.0,843.0
25023509102,383600.0,13.745019920318724,42.44897959183673,77014.0,1182.0
25023510100,247000.0,8.139153265507055,26.7825311942959,64741.0,1063.0
25023510200,286300.0,7.534611288604899,27.85824345146379,68902.0,790.0
25023510300,243400.0,3.402646502835539,8.273381294964029,31102.0,843.0
25023510400,296900.0,3.6224489795918364,16.912669126691267,41977.0,812.0
25023510501,239000.0,5.756929637526652,28.82120699379583,49091.0,874.0
25023510502,222700.0,3.4508816120906802,27.269345238095237,36151.0,607.0
25023510503,293900.0,5.274888558692422,30.485762144053602,49011.0,902.0
25023510600,333000.0,18.281335522714834,40.01530221882173,69844.0,1205.0
25023510700,310100.0,8.221263638670388,28.576550735030477,61416.0,880.0
25023510800,322600.0,1.6065388951521982,18.357115310451213,38665.0,890.0
25023510900,427500.0,1.2385919165580181,12.583892617449665,16042.0,476.0
25023511000,267000.0,6.472491909385113,24.012158054711247,62308.0,877.0
25023511100,250800.0,4.013961605584642,26.602775941837407,72606.0,1032.0
25023511200,284000.0,4.017857142857143,20.409070698088037,45802.0,380.0
25023511301,269500.0,4.294998587171517,31.37330754352031,63859.0,999.0
25023511302,252800.0,7.547169811320755,28.435754189944134,52700.0,837.0
25023511400,291300.0,3.766233766233766,26.59804983748646,38864.0,961.0
25023511500,276200.0,2.801326944342057,17.496573777980814,56053.0,902.0
25023511600,299500.0,2.4156601416076633,29.634146341463413,48456.0,768.0
25023511701,266900.0,5.591597157862218,32.64717990942775,69118.0,1101.0
25023511702,292800.0,3.905858788182273,30.479896238651104,73333.0,1055.0
25023520100,328100.0,6.172839506172839,28.526734926052335,72690.0,1078.0
25023520201,333300.0,4.161893852615503,25.63976377952756,68938.0,886.0
25023520202,371700.0,9.652197357778377,46.03442456969288,86115.0,1093.0
25023521101,311800.0,4.540798907476955,36.0191637630662,72802.0,566.0
25023521102,336000.0,6.09404990403071,34.57725947521866,84635.0,1056.0
25023521201,315700.0,5.26027397260274,23.901464713715047,58718.0,839.0
25023521202,323900.0,8.391866913123845,29.71698113207547,88170.0,943.0
25023522101,343700.0,8.576449912126538,32.349272349272354,82403.0,946.0
25023522102,388600.0,8.81961097788436,32.07171314741036,81500.0,822.0
25023523100,361000.0,11.84857423795477,37.97872340425532,77905.0,832.0
25023523201,349200.0,6.562193927522038,32.45459871118922,100313.0,886.0
25023523202,333900.0,10.05735354362966,32.44002041858091,76765.0,667.0
25023524101,367200.0,11.827435773145904,39.97308209959623,87143.0,867.0
25023524102,333800.0,10.89837997054492,41.430073606729756,63482.0,755.0
25023525101,353400.0,10.87216248506571,29.88140005785363,84400.0,1087.0
25023525104,387800.0,16.154247003647733,43.81035996488147,95539.0,1021.0
25023525203,345300.0,11.761426978818283,43.46580737558181,76523.0,999.0
25023525204,391800.0,18.060543868650587,47.56756756756757,113531.0,936.0
25023526100,325500.0,11.136712749615976,33.76190476190476,81855.0,1006.0
25023530100,316100.0,10.11111111111111,35.450723960766,70481.0,1100.0
25023530200,308300.0,5.614290922347794,31.13741636644364,43885.0,957.0
25023530300,344900.0,9.699853587115665,38.4928716904277,52910.0,887.0
25023530400,345900.0,9.002606017531392,40.310880829015545,75599.0,1342.0
25023530500,395200.0,14.794656110836218,45.99345870809485,59535.0,976.0
25023530600,376100.0,7.14759902633326,32.93323330832708,89632.0,533.0
25023530700,485900.0,21.193144363876073,47.98882681564246,76545.0,1085.0
25023530801,383800.0,10.41723479683665,37.523809523809526,87566.0,639.0
25023530802,329200.0,13.623725671918443,40.68723155017571,74604.0,1316.0
25023530901,318500.0,10.775943843672927,38.1219512195122,79388.0,1064.0
25023530902,369100.0,15.942513368983956,33.37278106508876,96910.0,830.0
25023540101,394200.0,8.771186440677967,41.78010471204188,90194.0,813.0
25023540102,348100.0,16.081229418221735,41.66080225193526,93214.0,367.0
25023541100,442700.0,13.581695511880318,41.94236926360726,95022.0,639.0
25023542101,360300.0,8.499364137346333,34.68740996830885,89792.0,1279.0
25023542102,328600.0,1.4796547472256474,30.007980845969673,84000.0,572.0
25023542200,299600.0,7.2921851667496265,29.63382408456021,66840.0,867.0
25023542300,312800.0,6.293206197854589,30.709173715029277,56833.0,868.0
25023543100,393800.0,11.630321910695743,42.99410029498525,87917.0,1021.0
25023544100,319400.0,8.078660643103905,36.814449917898195,82917.0,425.0
25023544200,253400.0,5.695025569502557,28.86266094420601,58250.0,800.0
25023545100,275500.0,4.051222351571595,31.71129980404964,60396.0,696.0
25023545200,259700.0,7.87979176526266,23.850137069753274,54863.0,784.0
25023545300,296100.0,11.681348142474148,21.604938271604937,51662.0,887.0
25023545400,296700.0,11.87214611872146,40.305010893246184,53349.0,730.0
25023560100,399600.0,21.27849798837729,45.54424915201973,74877.0,982.0
25023561100,456400.0,22.145232815964526,53.34168755221387,101006.0,1248.0
25023561200,290000.0,12.77258566978193,13.741875580315691,36484.0,912.0
25025000100,347800.0,8.712413261372397,24.66289691170074,55179.0,1266.0
25025000201,563300.0,16.11320754716981,45.72305331799002,68010.0,1346.0
25025000202,474800.0,20.056397603101868,39.58246346555324,54151.0,1223.0
25025000301,449300.0,18.631955079122,59.52649379932357,87230.0,1407.0
25025000302,373000.0,20.49248747913189,56.35785649409628,83357.0,1640.0
25025000401,373200.0,29.44269190325973,61.556064073226544,42136.0,1174.0
25025000402,461900.0,25.734914904589996,62.349676225716934,57530.0,1432.0
25025000502,342700.0,42.36031927023946,70.458984375,51875.0,1372.0
25025000503,240600.0,38.070739549839224,70.45009784735812,62083.0,1338.0
25025000504,338700.0,36.476355247981544,61.602052451539336,39452.0,1280.0
25025000601,357300.0,24.631147540983605,64.12017167381975,60343.0,1367.0
25025000602,244600.0,30.585001963093838,39.94413407821229,25476.0,1028.0
25025000701,277300.0,25.57200538358008,57.046299425481585,53083.0,1230.0
25025000704,255400.0,22.494887525562373,55.38824918807204,41606.0,1210.0
25025000802,375800.0,20.24671493698042,39.383496075052655,36734.0,1377.0
25025010103,276700.0,35.294117647058826,28.48645076007931,16210.0,1324.0
25025010104,462800.0,33.26800587947085,57.167352537722905,35262.0,1294.0
25025010203,335100.0,45.93209481101857,77.40910695375926,35906.0,1474.0
25025010204,457400.0,56.581740976645435,57.53911806543386,35023.0,1495.0
25025010300,275000.0,34.13173652694611,24.66715976331361,26397.0,1146.0
25025010403,284600.0,34.544468546637745,56.666666666666664,20365.0,1376.0
25025010404,492000.0,31.948565776458953,41.46810146041506,17965.0,1450.0
25025010405,263600.0,17.362428842504745,32.5895875591616,14188.0,673.0
25025010408,410800.0,43.47826086956522,81.50619637750238,44492.0,1260.0
25025010500,,,,,
25025010600,,,,,
25025010701,952000.0,54.61988304093567,65.17067003792667,88438.0,1640.0
25025010702,877700.0,52.96502787633046,73.34410339256866,91071.0,1514.0
25025010801,,,,,
25025010802,805200.0,44.91525423728814,83.256291730868,85362.0,1467.0
25025020101,818900.0,43.798561151079134,78.94557823129252,93244.0,1618.0
25025020200,607100.0,45.2542372881356,62.23463687150838,54228.0,1447.0
25025020301,359600.0,60.27131782945736,72.64224473889321,60347.0,1712.0
25025020302,558400.0,56.7807351077313,78.30065359477125,62302.0,1627.0
25025020303,435800.0,40.09840098400984,81.67247386759581,87244.0,1872.0
25025030100,500000.0,19.333816075307748,46.123778501628664,53026.0,1252.0
25025030200,523400.0,12.577962577962579,52.1870286576169,51909.0,1079.0
25025030300,707700.0,43.690773067331676,71.111880845168,106602.0,1731.0
25025030400,595700.0,32.29100191448628,57.903879559930516,61157.0,1327.0
25025030500,594800.0,30.757014293276868,66.27534685165422,82308.0,1599.0
25025040100,669400.0,43.28593996840443,73.29773030707611,120250.0,1610.0
25025040200,603800.0,20.251937984496124,48.75148632580262,51377.0,810.0
25025040300,466600.0,24.14870353014683,61.164304864036765,109028.0,1035.0
25025040401,534200.0,21.26948775055679,42.17791411042945,70026.0,881.0
25025040600,438600.0,15.909090909090908,49.764428739693756,108060.0,1362.0
25025040801,464900.0,22.275834338560514,47.37516005121639,32333.0,377.0
25025050101,436600.0,3.67138128197412,10.441767068273093,30274.0,822.0
25025050200,341000.0,1.9648704971717772,11.704180064308682,51191.0,916.0
25025050300,236800.0,7.384131971720345,20.677966101694913,14505.0,322.0
25025050400,320900.0,5.648414985590778,19.840695148443157,46250.0,875.0
25025050500,287300.0,10.684089162182936,9.285714285714286,40929.0,994.0
25025050600,263300.0,3.3442088091353996,6.734317343173432,41196.0,938.0
25025050700,380600.0,3.2879442045831953,9.040139616055846,54479.0,1008.0
25025050901,334600.0,2.6418786692759295,10.914855072463768,39893.0,897.0
25025051000,351000.0,4.461099214846538,26.510263929618766,39559.0,757.0
25025051101,350700.0,5.9277214631996475,25.77864293659622,51855.0,1071.0
25025051200,316300.0,10.34097261039687,18.32425068119891,43954.0,1044.0
25025060101,417900.0,14.096749811035526,38.07205452775073,70172.0,1060.0
25025060200,426400.0,14.24129353233831,49.78632478632478,83398.0,1409.0
25025060301,386700.0,18.84939195509822,53.76344086021505,80457.0,1183.0
25025060400,438300.0,19.19463087248322,51.1954096270322,71711.0,974.0
25025060501,385200.0,20.28428736073761,56.559051900286065,89922.0,1194.0
25025060600,,,,,
25025060800,353500.0,13.75044185224461,48.96907216494845,75814.0,1086.0
25025061000,391800.0,6.83850604944766,33.33333333333333,26056.0,422.0
25025061200,423700.0,18.41216216216216,59.74395448079659,66179.0,1200.0
25025070101,695900.0,34.7327091513138,63.47595941773269,41786.0,1364.0
25025070200,471800.0,5.1020408163265305,22.893860066634936,18224.0,697.0
25025070300,668300.0,34.79108635097493,70.43142756927394,106337.0,1564.0
25025070402,,,,,
25025070500,644800.0,20.247349823321557,62.40786240786241,81331.0,1268.0
25025070600,616700.0,38.61997940267765,65.88235294117646,87222.0,1658.0
25025070700,672100.0,31.94905869324474,65.6800563777308,59048.0,936.0
25025070800,632600.0,31.85483870967742,45.214979195561725,45172.0,930.0
25025070900,501600.0,27.535606387570134,50.317002881844374,41364.0,525.0
25025071101,398300.0,25.425392670157066,55.977710233029384,42317.0,938.0
25025071201,624400.0,14.168564920273349,49.55393349553934,37098.0,391.0
25025080100,394400.0,4.614549402823019,33.43701399688958,46492.0,535.0
25025080300,379200.0,0.0,27.964601769911507,30362.0,453.0
25025080401,241900.0,6.281227694503926,20.739549839228296,15073.0,513.0
25025080500,165100.0,0.0,24.84394506866417,15481.0,452.0
25025080601,149600.0,19.762419006479483,33.41815097540288,18897.0,543.0
25025080801,833300.0,8.801498127340825,22.063037249283667,15588.0,343.0
25025080900,595900.0,39.59085439229844,44.36958614051973,33750.0,1356.0
25025081001,318900.0,14.425516491482421,41.38077085980517,32835.0,669.0
25025081100,263200.0,16.08357628765792,53.59683794466403,46250.0,1209.0
25025081200,365800.0,13.200000000000001,40.630630630630634,25472.0,331.0
25025081300,413800.0,4.155027932960894,22.285308729595457,16835.0,322.0
25025081400,419900.0,19.466019417475728,56.2534435261708,54718.0,1082.0
25025081500,275000.0,11.120331950207468,33.55263157894737,45357.0,900.0
25025081700,363700.0,7.746126936531734,27.908689248895435,35781.0,654.0
25025081800,331200.0,6.998813760379596,29.6875,45000.0,817.0
25025081900,325500.0,8.823529411764707,29.975629569455727,43853.0,816.0
25025082000,423200.0,9.573810994441013,40.54500412881916,41172.0,759.0
25025082100,475500.0,7.14828897338403,33.23152107513745,20700.0,338.0
25025090100,395200.0,4.383758533956163,21.853607161664033,30389.0,811.0
25025090200,427900.0,7.761732851985561,21.09256449165402,16055.0,381.0
25025090300,569600.0,2.950075642965204,13.618677042801556,16495.0,644.0
25025090400,343500.0,2.983539094650206,26.74982674982675,34659.0,514.0
25025090600,363300.0,6.90010298661174,26.75086107921929,44141.0,1017.0
25025090700,344400.0,11.730899256254226,36.71434763762462,41750.0,1024.0
25025091001,376000.0,19.120135363790187,52.685050798258345,59345.0,981.0
25025091100,373700.0,14.922752808988765,32.19512195121951,61706.0,1078.0
25025091200,343800.0,6.940063091482649,26.874585268745854,53657.0,945.0
25025091300,444400.0,5.864811133200795,23.390894819466247,30467.0,961.0
25025091400,259500.0,5.599472990777339,33.67633302151544,30938.0,779.0
25025091500,373300.0,5.301455301455301,30.58637083993661,42857.0,832.0
25025091600,368200.0,5.220228384991843,25.363489499192244,29632.0,971.0
25025091700,338200.0,2.1574344023323615,20.71629213483146,47371.0,1076.0
25025091800,372500.0,1.2396694214876034,10.569105691056912,42368.0,983.0
25025091900,367400.0,3.6240090600226504,20.78825347758887,30069.0,1032.0
25025092000,367900.0,4.515491100856955,28.67924528301887,49342.0,877.0
25025092101,357900.0,6.138975966562174,26.68236877523553,42957.0,1008.0
25025092200,466200.0,16.6015625,36.774628879892035,46618.0,1057.0
25025092300,380400.0,4.819976771196283,25.14792899408284,36573.0,1034.0
25025092400,384500.0,2.100271002710027,20.50748752079867,28597.0,704.0
25025100100,280400.0,4.660856384994316,26.831501831501832,26007.0,488.0
25025100200,301400.0,3.14498933901919,21.833084947839048,46122.0,944.0
25025100300,281300.0,3.4576888080072794,17.67537826685007,44071.0,1026.0
25025100400,340900.0,4.865771812080537,24.51202905129369,47171.0,1158.0
25025100500,436500.0,8.999407933688573,35.14200932598558,41575.0,940.0
25025100601,326500.0,6.502800248911014,24.9424405218726,51783.0,1017.0
25025100603,297200.0,6.597434331093463,42.843232716650434,60417.0,886.0
25025100700,392300.0,16.633986928104573,48.95359417652411,66585.0,776.0
25025100800,347600.0,19.420958237253394,38.202637057598885,56800.0,1039.0
25025100900,344000.0,7.749434937035842,33.908306854289606,57077.0,1040.0
25025101001,299300.0,5.967321809140421,43.32223455419904,66000.0,932.0
25025101002,281500.0,5.636896046852123,28.527489427143404,39474.0,870.0
25025101101,376900.0,4.740061162079511,26.84729064039409,53924.0,1124.0
25025101102,380500.0,2.8030003947887883,18.320209973753283,37646.0,1131.0
25025110103,294100.0,22.740149369044556,51.88878815352071,56487.0,963.0
25025110201,325800.0,6.7932797662527395,24.070247933884296,53148.0,804.0
25025110301,356600.0,15.599051008303677,33.853841349156774,83990.0,1115.0
25025110401,362600.0,10.5765062852189,38.73278236914601,46944.0,1087.0
25025110403,364000.0,12.357669122572004,42.93357111012037,59234.0,830.0
25025110501,393000.0,23.095333067411246,58.03108808290155,90613.0,1216.0
25025110502,372300.0,16.500829187396352,33.00438596491228,50924.0,1175.0
25025110601,442500.0,30.843162953254698,63.172413793103445,100197.0,1393.0
25025110607,443700.0,30.70435377250969,58.59205776173285,82642.0,1149.0
25025120103,697700.0,76.66666666666667,71.84265010351967,147308.0,1643.0
25025120104,318700.0,36.615186615186616,60.338201383551116,63125.0,1244.0
25025120105,,,,,
25025120201,342000.0,25.499600319744204,49.1998511350949,60560.0,1127.0
25025120301,363400.0,25.0,48.669849931787176,59707.0,987.0
25025120400,463500.0,43.85300668151448,79.80241492864984,84567.0,1253.0
25025120500,352500.0,16.911764705882355,50.108459869848154,49013.0,1143.0
25025120600,385900.0,31.4784506273868,70.09132420091323,82500.0,1420.0
25025120700,343100.0,46.883116883116884,65.39278131634819,58893.0,1297.0
25025130100,396700.0,25.37673297166968,54.14847161572053,71213.0,1257.0
25025130200,484700.0,21.365149833518313,53.17939609236234,90655.0,1292.0
25025130300,486700.0,33.91412570006223,62.57861635220125,90313.0,1112.0
25025130402,347900.0,14.045104196403082,56.00617999227501,73217.0,1032.0
25025130404,355600.0,19.412331406551058,44.100197758734346,72396.0,1111.0
25025130406,334300.0,13.65837907652567,47.82435129740519,33600.0,964.0
25025140102,351000.0,9.351753453772583,32.67644362969753,64732.0,969.0
25025140105,342600.0,16.341766901700538,40.262787423744726,74853.0,991.0
25025140106,346300.0,1.7781541066892466,25.09505703422053,30417.0,569.0
25025140107,341300.0,11.829740187949144,38.372093023255815,47297.0,512.0
25025140201,346000.0,10.62992125984252,36.91520467836257,54000.0,975.0
25025140202,359500.0,11.07219827586207,46.12084376117269,63792.0,943.0
25025140300,355500.0,8.802308802308803,26.16883116883117,49524.0,990.0
25025140400,349000.0,7.8076923076923075,29.312865497076025,59036.0,1116.0
25025160101,342000.0,4.585829374096261,15.665519978830378,42454.0,1006.0
25025160200,257400.0,3.1483457844183564,16.779026217228466,35000.0,884.0
25025160300,329500.0,14.937106918238992,46.13466334164589,52985.0,714.0
25025160400,297200.0,1.2763241863433312,4.192685102586976,27560.0,762.0
25025160501,316400.0,2.723970944309927,11.953226504980512,36593.0,778.0
25025160502,316200.0,6.3124250898921295,23.978365384615387,32236.0,809.0
25025160601,323600.0,4.671532846715328,21.28430864836872,55163.0,1035.0
25025160602,309600.0,7.87920860812218,24.188235294117646,43343.0,932.0
25025170100,343200.0,3.81512971441029,24.659312134977288,50357.0,1151.0
25025170200,410400.0,3.8382654556108995,26.746411483253592,58710.0,444.0
25025170300,351400.0,4.862370199439591,22.707720172062487,65417.0,1198.0
25025170400,288800.0,2.975073706781024,23.805997778600517,41829.0,929.0
25025170501,301700.0,13.213572854291417,42.95023696682465,37604.0,1017.0
25025170502,309400.0,7.837731390311147,34.915773353751916,48019.0,896.0
25025170601,339400.0,4.058654097931395,22.465133810780248,46250.0,1023.0
25025170701,234900.0,5.325987144168963,22.981366459627328,42695.0,966.0
25025170702,316900.0,4.317359855334539,13.794135248354278,58175.0,912.0
25025170800,353400.0,5.128205128205128,25.83258325832583,50453.0,961.0
25025180101,361000.0,10.25564803804994,42.41676942046856,55341.0,1071.0
25025180200,391100.0,13.094784925770842,44.39203354297694,63425.0,1062.0
25025180301,459200.0,8.396946564885496,37.95077275329135,90778.0,1155.0
25025180400,413800.0,8.695652173913043,26.605504587155966,68994.0,1098.0
25025180500,382100.0,10.44334975369458,39.67317294598275,70444.0,1093.0
25025981100,,,,,
25025981300,291300.0,46.63677130044843,62.33183856502242,73625.0,1699.0
